timestamp,_time,_value,_measurement,_field,equipo,campo_equipo
2026-01-06 13:22:00.000000,2026-01-06T13:22:00+00:00,0.0,AIRE COMPRIMIDO,COMPRESOR ATLAS 7_consumo_minuto,COMPRESOR ATLAS 7,AIRE COMPRIMIDO_COMPRESOR ATLAS 7_consumo_minuto
2026-01-06 13:23:00.000000,2026-01-06T13:23:00+00:00,2952.0,AIRE COMPRIMIDO,COMPRESOR ATLAS 7_consumo_minuto,COMPRESOR ATLAS 7,AIRE COMPRIMIDO_COMPRESOR ATLAS 7_consumo_minuto
2026-01-06 13:24:00.000000,2026-01-06T13:24:00+00:00,9840.0,AIRE COMPRIMIDO,COMPRESOR ATLAS 7_consumo_minuto,COMPRESOR ATLAS 7,AIRE COMPRIMIDO_COMPRESOR ATLAS 7_consumo_minuto
2026-01-06 13:25:00.000000,2026-01-06T13:25:00+00:00,8680.0,AIRE COMPRIMIDO,COMPRESOR ATLAS 7_consumo_minuto,COMPRESOR ATLAS 7,AIRE COMPRIMIDO_COMPRESOR ATLAS 7_consumo_minuto
2026-01-06 13:26:00.000000,2026-01-06T13:26:00+00:00,8973.0,AIRE COMPRIMIDO,COMPRESOR ATLAS 7_consumo_minuto,COMPRESOR ATLAS 7,AIRE COMPRIMIDO_COMPRESOR ATLAS 7_consumo_minuto
2026-01-06 13:27:00.000000,2026-01-06T13:27:00+00:00,1342.0,AIRE COMPRIMIDO,COMPRESOR ATLAS 7_consumo_minuto,COMPRESOR ATLAS 7,AIRE COMPRIMIDO_COMPRESOR ATLAS 7_consumo_minuto
2026-01-06 13:28:00.000000,2026-01-06T13:28:00+00:00,1992.0,AIRE COMPRIMIDO,COMPRESOR ATLAS 7_consumo_minuto,COMPRESOR ATLAS 7,AIRE COMPRIMIDO_COMPRESOR ATLAS 7_consumo_minuto
2026-01-06 13:29:00.000000,2026-01-06T13:29:00+00:00,4148.0,AIRE COMPRIMIDO,COMPRESOR ATLAS 7_consumo_minuto,COMPRESOR ATLAS 7,AIRE COMPRIMIDO_COMPRESOR ATLAS 7_consumo_minuto
2026-01-06 13:30:00.000000,2026-01-06T13:30:00+00:00,2200.0,AIRE COMPRIMIDO,COMPRESOR ATLAS 7_consumo_minuto,COMPRESOR ATLAS 7,AIRE COMPRIMIDO_COMPRESOR ATLAS 7_consumo_minuto
2026-01-06 13:31:00.000000,2026-01-06T13:31:00+00:00,10980.0,AIRE COMPRIMIDO,COMPRESOR ATLAS 7_consumo_minuto,COMPRESOR ATLAS 7,AIRE COMPRIMIDO_COMPRESOR ATLAS 7_consumo_minuto
2026-01-06 13:32:00.000000,2026-01-06T13:32:00+00:00,8688.0,AIRE COMPRIMIDO,COMPRESOR ATLAS 7_consumo_minuto,COMPRESOR ATLAS 7,AIRE COMPRIMIDO_COMPRESOR ATLAS 7_consumo_minuto
2026-01-06 13:33:00.000000,2026-01-06T13:33:00+00:00,6552.0,AIRE COMPRIMIDO,COMPRESOR ATLAS 7_consumo_minuto,COMPRESOR ATLAS 7,AIRE COMPRIMIDO_COMPRESOR ATLAS 7_consumo_minuto
2026-01-06 13:34:00.000000,2026-01-06T13:34:00+00:00,0.0,AIRE COMPRIMIDO,COMPRESOR ATLAS 7_consumo_minuto,COMPRESOR ATLAS 7,AIRE COMPRIMIDO_COMPRESOR ATLAS 7_consumo_minuto
2026-01-06 13:35:00.000000,2026-01-06T13:35:00+00:00,7064.0,AIRE COMPRIMIDO,COMPRESOR ATLAS 7_consumo_minuto,COMPRESOR ATLAS 7,AIRE COMPRIMIDO_COMPRESOR ATLAS 7_consumo_minuto
2026-01-06 13:36:00.000000,2026-01-06T13:36:00+00:00,10190.0,AIRE COMPRIMIDO,COMPRESOR ATLAS 7_consumo_minuto,COMPRESOR ATLAS 7,AIRE COMPRIMIDO_COMPRESOR ATLAS 7_consumo_minuto
2026-01-06 13:37:00.000000,2026-01-06T13:37:00+00:00,11690.0,AIRE COMPRIMIDO,COMPRESOR ATLAS 7_consumo_minuto,COMPRESOR ATLAS 7,AIRE COMPRIMIDO_COMPRESOR ATLAS 7_consumo_minuto
2026-01-06 13:38:00.000000,2026-01-06T13:38:00+00:00,10836.0,AIRE COMPRIMIDO,COMPRESOR ATLAS 7_consumo_minuto,COMPRESOR ATLAS 7,AIRE COMPRIMIDO_COMPRESOR ATLAS 7_consumo_minuto
2026-01-06 13:39:00.000000,2026-01-06T13:39:00+00:00,10413.0,AIRE COMPRIMIDO,COMPRESOR ATLAS 7_consumo_minuto,COMPRESOR ATLAS 7,AIRE COMPRIMIDO_COMPRESOR ATLAS 7_consumo_minuto
2026-01-06 13:40:00.000000,2026-01-06T13:40:00+00:00,10836.0,AIRE COMPRIMIDO,COMPRESOR ATLAS 7_consumo_minuto,COMPRESOR ATLAS 7,AIRE COMPRIMIDO_COMPRESOR ATLAS 7_consumo_minuto
2026-01-06 13:41:00.000000,2026-01-06T13:41:00+00:00,11074.0,AIRE COMPRIMIDO,COMPRESOR ATLAS 7_consumo_minuto,COMPRESOR ATLAS 7,AIRE COMPRIMIDO_COMPRESOR ATLAS 7_consumo_minuto
2026-01-06 13:42:00.000000,2026-01-06T13:42:00+00:00,8816.0,AIRE COMPRIMIDO,COMPRESOR ATLAS 7_consumo_minuto,COMPRESOR ATLAS 7,AIRE COMPRIMIDO_COMPRESOR ATLAS 7_consumo_minuto
2026-01-06 13:43:00.000000,2026-01-06T13:43:00+00:00,8690.0,AIRE COMPRIMIDO,COMPRESOR ATLAS 7_consumo_minuto,COMPRESOR ATLAS 7,AIRE COMPRIMIDO_COMPRESOR ATLAS 7_consumo_minuto
2026-01-06 13:44:00.000000,2026-01-06T13:44:00+00:00,5558.0,AIRE COMPRIMIDO,COMPRESOR ATLAS 7_consumo_minuto,COMPRESOR ATLAS 7,AIRE COMPRIMIDO_COMPRESOR ATLAS 7_consumo_minuto
2026-01-06 13:45:00.000000,2026-01-06T13:45:00+00:00,9088.0,AIRE COMPRIMIDO,COMPRESOR ATLAS 7_consumo_minuto,COMPRESOR ATLAS 7,AIRE COMPRIMIDO_COMPRESOR ATLAS 7_consumo_minuto
2026-01-06 13:46:00.000000,2026-01-06T13:46:00+00:00,9056.0,AIRE COMPRIMIDO,COMPRESOR ATLAS 7_consumo_minuto,COMPRESOR ATLAS 7,AIRE COMPRIMIDO_COMPRESOR ATLAS 7_consumo_minuto
2026-01-06 13:47:00.000000,2026-01-06T13:47:00+00:00,9715.0,AIRE COMPRIMIDO,COMPRESOR ATLAS 7_consumo_minuto,COMPRESOR ATLAS 7,AIRE COMPRIMIDO_COMPRESOR ATLAS 7_consumo_minuto
2026-01-06 13:48:00.000000,2026-01-06T13:48:00+00:00,5584.0,AIRE COMPRIMIDO,COMPRESOR ATLAS 7_consumo_minuto,COMPRESOR ATLAS 7,AIRE COMPRIMIDO_COMPRESOR ATLAS 7_consumo_minuto
2026-01-06 13:49:00.000000,2026-01-06T13:49:00+00:00,3938.0,AIRE COMPRIMIDO,COMPRESOR ATLAS 7_consumo_minuto,COMPRESOR ATLAS 7,AIRE COMPRIMIDO_COMPRESOR ATLAS 7_consumo_minuto
2026-01-06 13:50:00.000000,2026-01-06T13:50:00+00:00,3647.0,AIRE COMPRIMIDO,COMPRESOR ATLAS 7_consumo_minuto,COMPRESOR ATLAS 7,AIRE COMPRIMIDO_COMPRESOR ATLAS 7_consumo_minuto
2026-01-06 13:51:00.000000,2026-01-06T13:51:00+00:00,3622.0,AIRE COMPRIMIDO,COMPRESOR ATLAS 7_consumo_minuto,COMPRESOR ATLAS 7,AIRE COMPRIMIDO_COMPRESOR ATLAS 7_consumo_minuto
2026-01-06 13:52:00.000000,2026-01-06T13:52:00+00:00,0.0,AIRE COMPRIMIDO,COMPRESOR ATLAS 7_consumo_minuto,COMPRESOR ATLAS 7,AIRE COMPRIMIDO_COMPRESOR ATLAS 7_consumo_minuto
2026-01-06 13:53:00.000000,2026-01-06T13:53:00+00:00,7911.0,AIRE COMPRIMIDO,COMPRESOR ATLAS 7_consumo_minuto,COMPRESOR ATLAS 7,AIRE COMPRIMIDO_COMPRESOR ATLAS 7_consumo_minuto
2026-01-06 13:54:00.000000,2026-01-06T13:54:00+00:00,11900.0,AIRE COMPRIMIDO,COMPRESOR ATLAS 7_consumo_minuto,COMPRESOR ATLAS 7,AIRE COMPRIMIDO_COMPRESOR ATLAS 7_consumo_minuto
2026-01-06 13:55:00.000000,2026-01-06T13:55:00+00:00,11493.0,AIRE COMPRIMIDO,COMPRESOR ATLAS 7_consumo_minuto,COMPRESOR ATLAS 7,AIRE COMPRIMIDO_COMPRESOR ATLAS 7_consumo_minuto
2026-01-06 13:56:00.000000,2026-01-06T13:56:00+00:00,11682.0,AIRE COMPRIMIDO,COMPRESOR ATLAS 7_consumo_minuto,COMPRESOR ATLAS 7,AIRE COMPRIMIDO_COMPRESOR ATLAS 7_consumo_minuto
2026-01-06 13:57:00.000000,2026-01-06T13:57:00+00:00,12978.0,AIRE COMPRIMIDO,COMPRESOR ATLAS 7_consumo_minuto,COMPRESOR ATLAS 7,AIRE COMPRIMIDO_COMPRESOR ATLAS 7_consumo_minuto
2026-01-06 13:58:00.000000,2026-01-06T13:58:00+00:00,11619.0,AIRE COMPRIMIDO,COMPRESOR ATLAS 7_consumo_minuto,COMPRESOR ATLAS 7,AIRE COMPRIMIDO_COMPRESOR ATLAS 7_consumo_minuto
2026-01-06 13:59:00.000000,2026-01-06T13:59:00+00:00,7553.0,AIRE COMPRIMIDO,COMPRESOR ATLAS 7_consumo_minuto,COMPRESOR ATLAS 7,AIRE COMPRIMIDO_COMPRESOR ATLAS 7_consumo_minuto
2026-01-06 14:00:00.000000,2026-01-06T14:00:00+00:00,3321.0,AIRE COMPRIMIDO,COMPRESOR ATLAS 7_consumo_minuto,COMPRESOR ATLAS 7,AIRE COMPRIMIDO_COMPRESOR ATLAS 7_consumo_minuto
2026-01-06 14:01:00.000000,2026-01-06T14:01:00+00:00,5436.0,AIRE COMPRIMIDO,COMPRESOR ATLAS 7_consumo_minuto,COMPRESOR ATLAS 7,AIRE COMPRIMIDO_COMPRESOR ATLAS 7_consumo_minuto
2026-01-06 14:02:00.000000,2026-01-06T14:02:00+00:00,0.0,AIRE COMPRIMIDO,COMPRESOR ATLAS 7_consumo_minuto,COMPRESOR ATLAS 7,AIRE COMPRIMIDO_COMPRESOR ATLAS 7_consumo_minuto
2026-01-06 14:03:00.000000,2026-01-06T14:03:00+00:00,9730.0,AIRE COMPRIMIDO,COMPRESOR ATLAS 7_consumo_minuto,COMPRESOR ATLAS 7,AIRE COMPRIMIDO_COMPRESOR ATLAS 7_consumo_minuto
2026-01-06 14:04:00.000000,2026-01-06T14:04:00+00:00,11196.0,AIRE COMPRIMIDO,COMPRESOR ATLAS 7_consumo_minuto,COMPRESOR ATLAS 7,AIRE COMPRIMIDO_COMPRESOR ATLAS 7_consumo_minuto
2026-01-06 14:05:00.000000,2026-01-06T14:05:00+00:00,3381.0,AIRE COMPRIMIDO,COMPRESOR ATLAS 7_consumo_minuto,COMPRESOR ATLAS 7,AIRE COMPRIMIDO_COMPRESOR ATLAS 7_consumo_minuto
2026-01-06 14:06:00.000000,2026-01-06T14:06:00+00:00,354.0,AIRE COMPRIMIDO,COMPRESOR ATLAS 7_consumo_minuto,COMPRESOR ATLAS 7,AIRE COMPRIMIDO_COMPRESOR ATLAS 7_consumo_minuto
2026-01-06 14:07:00.000000,2026-01-06T14:07:00+00:00,0.0,AIRE COMPRIMIDO,COMPRESOR ATLAS 7_consumo_minuto,COMPRESOR ATLAS 7,AIRE COMPRIMIDO_COMPRESOR ATLAS 7_consumo_minuto
2026-01-06 14:08:00.000000,2026-01-06T14:08:00+00:00,1116.0,AIRE COMPRIMIDO,COMPRESOR ATLAS 7_consumo_minuto,COMPRESOR ATLAS 7,AIRE COMPRIMIDO_COMPRESOR ATLAS 7_consumo_minuto
2026-01-06 14:09:00.000000,2026-01-06T14:09:00+00:00,0.0,AIRE COMPRIMIDO,COMPRESOR ATLAS 7_consumo_minuto,COMPRESOR ATLAS 7,AIRE COMPRIMIDO_COMPRESOR ATLAS 7_consumo_minuto
2026-01-06 14:10:00.000000,2026-01-06T14:10:00+00:00,9950.0,AIRE COMPRIMIDO,COMPRESOR ATLAS 7_consumo_minuto,COMPRESOR ATLAS 7,AIRE COMPRIMIDO_COMPRESOR ATLAS 7_consumo_minuto
2026-01-06 14:11:00.000000,2026-01-06T14:11:00+00:00,10386.0,AIRE COMPRIMIDO,COMPRESOR ATLAS 7_consumo_minuto,COMPRESOR ATLAS 7,AIRE COMPRIMIDO_COMPRESOR ATLAS 7_consumo_minuto
2026-01-06 14:12:00.000000,2026-01-06T14:12:00+00:00,8955.0,AIRE COMPRIMIDO,COMPRESOR ATLAS 7_consumo_minuto,COMPRESOR ATLAS 7,AIRE COMPRIMIDO_COMPRESOR ATLAS 7_consumo_minuto
2026-01-06 14:13:00.000000,2026-01-06T14:13:00+00:00,2260.0,AIRE COMPRIMIDO,COMPRESOR ATLAS 7_consumo_minuto,COMPRESOR ATLAS 7,AIRE COMPRIMIDO_COMPRESOR ATLAS 7_consumo_minuto
2026-01-06 14:14:00.000000,2026-01-06T14:14:00+00:00,3515.0,AIRE COMPRIMIDO,COMPRESOR ATLAS 7_consumo_minuto,COMPRESOR ATLAS 7,AIRE COMPRIMIDO_COMPRESOR ATLAS 7_consumo_minuto
2026-01-06 14:15:00.000000,2026-01-06T14:15:00+00:00,3213.0,AIRE COMPRIMIDO,COMPRESOR ATLAS 7_consumo_minuto,COMPRESOR ATLAS 7,AIRE COMPRIMIDO_COMPRESOR ATLAS 7_consumo_minuto
2026-01-06 14:16:00.000000,2026-01-06T14:16:00+00:00,8832.0,AIRE COMPRIMIDO,COMPRESOR ATLAS 7_consumo_minuto,COMPRESOR ATLAS 7,AIRE COMPRIMIDO_COMPRESOR ATLAS 7_consumo_minuto
2026-01-06 14:17:00.000000,2026-01-06T14:17:00+00:00,1070.0,AIRE COMPRIMIDO,COMPRESOR ATLAS 7_consumo_minuto,COMPRESOR ATLAS 7,AIRE COMPRIMIDO_COMPRESOR ATLAS 7_consumo_minuto
2026-01-06 14:18:00.000000,2026-01-06T14:18:00+00:00,9900.0,AIRE COMPRIMIDO,COMPRESOR ATLAS 7_consumo_minuto,COMPRESOR ATLAS 7,AIRE COMPRIMIDO_COMPRESOR ATLAS 7_consumo_minuto
2026-01-06 14:19:00.000000,2026-01-06T14:19:00+00:00,10080.0,AIRE COMPRIMIDO,COMPRESOR ATLAS 7_consumo_minuto,COMPRESOR ATLAS 7,AIRE COMPRIMIDO_COMPRESOR ATLAS 7_consumo_minuto
2026-01-06 14:20:00.000000,2026-01-06T14:20:00+00:00,10575.0,AIRE COMPRIMIDO,COMPRESOR ATLAS 7_consumo_minuto,COMPRESOR ATLAS 7,AIRE COMPRIMIDO_COMPRESOR ATLAS 7_consumo_minuto
2026-01-06 14:21:00.000000,2026-01-06T14:21:00+00:00,9590.0,AIRE COMPRIMIDO,COMPRESOR ATLAS 7_consumo_minuto,COMPRESOR ATLAS 7,AIRE COMPRIMIDO_COMPRESOR ATLAS 7_consumo_minuto
2026-01-06 14:22:00.000000,2026-01-06T14:22:00+00:00,8649.0,AIRE COMPRIMIDO,COMPRESOR ATLAS 7_consumo_minuto,COMPRESOR ATLAS 7,AIRE COMPRIMIDO_COMPRESOR ATLAS 7_consumo_minuto
2026-01-06 14:23:00.000000,2026-01-06T14:23:00+00:00,7800.0,AIRE COMPRIMIDO,COMPRESOR ATLAS 7_consumo_minuto,COMPRESOR ATLAS 7,AIRE COMPRIMIDO_COMPRESOR ATLAS 7_consumo_minuto
2026-01-06 14:24:00.000000,2026-01-06T14:24:00+00:00,6848.0,AIRE COMPRIMIDO,COMPRESOR ATLAS 7_consumo_minuto,COMPRESOR ATLAS 7,AIRE COMPRIMIDO_COMPRESOR ATLAS 7_consumo_minuto
2026-01-06 14:25:00.000000,2026-01-06T14:25:00+00:00,5105.0,AIRE COMPRIMIDO,COMPRESOR ATLAS 7_consumo_minuto,COMPRESOR ATLAS 7,AIRE COMPRIMIDO_COMPRESOR ATLAS 7_consumo_minuto
2026-01-06 14:26:00.000000,2026-01-06T14:26:00+00:00,1150.0,AIRE COMPRIMIDO,COMPRESOR ATLAS 7_consumo_minuto,COMPRESOR ATLAS 7,AIRE COMPRIMIDO_COMPRESOR ATLAS 7_consumo_minuto
2026-01-06 14:27:00.000000,2026-01-06T14:27:00+00:00,2102.0,AIRE COMPRIMIDO,COMPRESOR ATLAS 7_consumo_minuto,COMPRESOR ATLAS 7,AIRE COMPRIMIDO_COMPRESOR ATLAS 7_consumo_minuto
2026-01-06 14:28:00.000000,2026-01-06T14:28:00+00:00,2496.0,AIRE COMPRIMIDO,COMPRESOR ATLAS 7_consumo_minuto,COMPRESOR ATLAS 7,AIRE COMPRIMIDO_COMPRESOR ATLAS 7_consumo_minuto
2026-01-06 14:29:00.000000,2026-01-06T14:29:00+00:00,1122.0,AIRE COMPRIMIDO,COMPRESOR ATLAS 7_consumo_minuto,COMPRESOR ATLAS 7,AIRE COMPRIMIDO_COMPRESOR ATLAS 7_consumo_minuto
2026-01-06 14:31:00.000000,2026-01-06T14:31:00+00:00,0.0,AIRE COMPRIMIDO,COMPRESOR ATLAS 7_consumo_minuto,COMPRESOR ATLAS 7,AIRE COMPRIMIDO_COMPRESOR ATLAS 7_consumo_minuto
2026-01-06 14:32:00.000000,2026-01-06T14:32:00+00:00,2763.0,AIRE COMPRIMIDO,COMPRESOR ATLAS 7_consumo_minuto,COMPRESOR ATLAS 7,AIRE COMPRIMIDO_COMPRESOR ATLAS 7_consumo_minuto
2026-01-06 14:33:00.000000,2026-01-06T14:33:00+00:00,4880.0,AIRE COMPRIMIDO,COMPRESOR ATLAS 7_consumo_minuto,COMPRESOR ATLAS 7,AIRE COMPRIMIDO_COMPRESOR ATLAS 7_consumo_minuto
2026-01-06 14:34:00.000000,2026-01-06T14:34:00+00:00,3645.0,AIRE COMPRIMIDO,COMPRESOR ATLAS 7_consumo_minuto,COMPRESOR ATLAS 7,AIRE COMPRIMIDO_COMPRESOR ATLAS 7_consumo_minuto
2026-01-06 14:35:00.000000,2026-01-06T14:35:00+00:00,10070.0,AIRE COMPRIMIDO,COMPRESOR ATLAS 7_consumo_minuto,COMPRESOR ATLAS 7,AIRE COMPRIMIDO_COMPRESOR ATLAS 7_consumo_minuto
2026-01-06 14:36:00.000000,2026-01-06T14:36:00+00:00,11270.0,AIRE COMPRIMIDO,COMPRESOR ATLAS 7_consumo_minuto,COMPRESOR ATLAS 7,AIRE COMPRIMIDO_COMPRESOR ATLAS 7_consumo_minuto
2026-01-06 14:37:00.000000,2026-01-06T14:37:00+00:00,5495.0,AIRE COMPRIMIDO,COMPRESOR ATLAS 7_consumo_minuto,COMPRESOR ATLAS 7,AIRE COMPRIMIDO_COMPRESOR ATLAS 7_consumo_minuto
2026-01-06 14:38:00.000000,2026-01-06T14:38:00+00:00,2350.0,AIRE COMPRIMIDO,COMPRESOR ATLAS 7_consumo_minuto,COMPRESOR ATLAS 7,AIRE COMPRIMIDO_COMPRESOR ATLAS 7_consumo_minuto
2026-01-06 14:39:00.000000,2026-01-06T14:39:00+00:00,0.0,AIRE COMPRIMIDO,COMPRESOR ATLAS 7_consumo_minuto,COMPRESOR ATLAS 7,AIRE COMPRIMIDO_COMPRESOR ATLAS 7_consumo_minuto
2026-01-06 14:40:00.000000,2026-01-06T14:40:00+00:00,0.0,AIRE COMPRIMIDO,COMPRESOR ATLAS 7_consumo_minuto,COMPRESOR ATLAS 7,AIRE COMPRIMIDO_COMPRESOR ATLAS 7_consumo_minuto
2026-01-06 14:41:00.000000,2026-01-06T14:41:00+00:00,417.0,AIRE COMPRIMIDO,COMPRESOR ATLAS 7_consumo_minuto,COMPRESOR ATLAS 7,AIRE COMPRIMIDO_COMPRESOR ATLAS 7_consumo_minuto
2026-01-06 14:49:00.000000,2026-01-06T14:49:00+00:00,0.0,AIRE COMPRIMIDO,COMPRESOR ATLAS 7_consumo_minuto,COMPRESOR ATLAS 7,AIRE COMPRIMIDO_COMPRESOR ATLAS 7_consumo_minuto
2026-01-06 14:50:00.000000,2026-01-06T14:50:00+00:00,5572.0,AIRE COMPRIMIDO,COMPRESOR ATLAS 7_consumo_minuto,COMPRESOR ATLAS 7,AIRE COMPRIMIDO_COMPRESOR ATLAS 7_consumo_minuto
2026-01-06 14:52:00.000000,2026-01-06T14:52:00+00:00,0.0,AIRE COMPRIMIDO,COMPRESOR ATLAS 7_consumo_minuto,COMPRESOR ATLAS 7,AIRE COMPRIMIDO_COMPRESOR ATLAS 7_consumo_minuto
2026-01-06 14:53:00.000000,2026-01-06T14:53:00+00:00,548.0,AIRE COMPRIMIDO,COMPRESOR ATLAS 7_consumo_minuto,COMPRESOR ATLAS 7,AIRE COMPRIMIDO_COMPRESOR ATLAS 7_consumo_minuto
2026-01-06 14:54:00.000000,2026-01-06T14:54:00+00:00,6744.0,AIRE COMPRIMIDO,COMPRESOR ATLAS 7_consumo_minuto,COMPRESOR ATLAS 7,AIRE COMPRIMIDO_COMPRESOR ATLAS 7_consumo_minuto
2026-01-06 14:55:00.000000,2026-01-06T14:55:00+00:00,10530.0,AIRE COMPRIMIDO,COMPRESOR ATLAS 7_consumo_minuto,COMPRESOR ATLAS 7,AIRE COMPRIMIDO_COMPRESOR ATLAS 7_consumo_minuto
2026-01-06 14:55:12.694280,2026-01-06T14:55:12.694280+00:00,2276.0,AIRE COMPRIMIDO,COMPRESOR ATLAS 7_consumo_minuto,COMPRESOR ATLAS 7,AIRE COMPRIMIDO_COMPRESOR ATLAS 7_consumo_minuto
2026-01-06 13:22:00.000000,2026-01-06T13:22:00+00:00,0.0,AIRE COMPRIMIDO,COMPRESOR ATLAS 8_consumo_minuto,COMPRESOR ATLAS 8,AIRE COMPRIMIDO_COMPRESOR ATLAS 8_consumo_minuto
2026-01-06 13:23:00.000000,2026-01-06T13:23:00+00:00,0.0,AIRE COMPRIMIDO,COMPRESOR ATLAS 8_consumo_minuto,COMPRESOR ATLAS 8,AIRE COMPRIMIDO_COMPRESOR ATLAS 8_consumo_minuto
2026-01-06 13:24:00.000000,2026-01-06T13:24:00+00:00,0.0,AIRE COMPRIMIDO,COMPRESOR ATLAS 8_consumo_minuto,COMPRESOR ATLAS 8,AIRE COMPRIMIDO_COMPRESOR ATLAS 8_consumo_minuto
2026-01-06 13:25:00.000000,2026-01-06T13:25:00+00:00,0.0,AIRE COMPRIMIDO,COMPRESOR ATLAS 8_consumo_minuto,COMPRESOR ATLAS 8,AIRE COMPRIMIDO_COMPRESOR ATLAS 8_consumo_minuto
2026-01-06 13:26:00.000000,2026-01-06T13:26:00+00:00,0.0,AIRE COMPRIMIDO,COMPRESOR ATLAS 8_consumo_minuto,COMPRESOR ATLAS 8,AIRE COMPRIMIDO_COMPRESOR ATLAS 8_consumo_minuto
2026-01-06 13:27:00.000000,2026-01-06T13:27:00+00:00,0.0,AIRE COMPRIMIDO,COMPRESOR ATLAS 8_consumo_minuto,COMPRESOR ATLAS 8,AIRE COMPRIMIDO_COMPRESOR ATLAS 8_consumo_minuto
2026-01-06 13:28:00.000000,2026-01-06T13:28:00+00:00,0.0,AIRE COMPRIMIDO,COMPRESOR ATLAS 8_consumo_minuto,COMPRESOR ATLAS 8,AIRE COMPRIMIDO_COMPRESOR ATLAS 8_consumo_minuto
2026-01-06 13:29:00.000000,2026-01-06T13:29:00+00:00,0.0,AIRE COMPRIMIDO,COMPRESOR ATLAS 8_consumo_minuto,COMPRESOR ATLAS 8,AIRE COMPRIMIDO_COMPRESOR ATLAS 8_consumo_minuto
2026-01-06 13:30:00.000000,2026-01-06T13:30:00+00:00,0.0,AIRE COMPRIMIDO,COMPRESOR ATLAS 8_consumo_minuto,COMPRESOR ATLAS 8,AIRE COMPRIMIDO_COMPRESOR ATLAS 8_consumo_minuto
2026-01-06 13:31:00.000000,2026-01-06T13:31:00+00:00,0.0,AIRE COMPRIMIDO,COMPRESOR ATLAS 8_consumo_minuto,COMPRESOR ATLAS 8,AIRE COMPRIMIDO_COMPRESOR ATLAS 8_consumo_minuto
2026-01-06 13:32:00.000000,2026-01-06T13:32:00+00:00,0.0,AIRE COMPRIMIDO,COMPRESOR ATLAS 8_consumo_minuto,COMPRESOR ATLAS 8,AIRE COMPRIMIDO_COMPRESOR ATLAS 8_consumo_minuto
2026-01-06 13:33:00.000000,2026-01-06T13:33:00+00:00,0.0,AIRE COMPRIMIDO,COMPRESOR ATLAS 8_consumo_minuto,COMPRESOR ATLAS 8,AIRE COMPRIMIDO_COMPRESOR ATLAS 8_consumo_minuto
2026-01-06 13:34:00.000000,2026-01-06T13:34:00+00:00,0.0,AIRE COMPRIMIDO,COMPRESOR ATLAS 8_consumo_minuto,COMPRESOR ATLAS 8,AIRE COMPRIMIDO_COMPRESOR ATLAS 8_consumo_minuto
2026-01-06 13:35:00.000000,2026-01-06T13:35:00+00:00,0.0,AIRE COMPRIMIDO,COMPRESOR ATLAS 8_consumo_minuto,COMPRESOR ATLAS 8,AIRE COMPRIMIDO_COMPRESOR ATLAS 8_consumo_minuto
2026-01-06 13:36:00.000000,2026-01-06T13:36:00+00:00,0.0,AIRE COMPRIMIDO,COMPRESOR ATLAS 8_consumo_minuto,COMPRESOR ATLAS 8,AIRE COMPRIMIDO_COMPRESOR ATLAS 8_consumo_minuto
2026-01-06 13:37:00.000000,2026-01-06T13:37:00+00:00,0.0,AIRE COMPRIMIDO,COMPRESOR ATLAS 8_consumo_minuto,COMPRESOR ATLAS 8,AIRE COMPRIMIDO_COMPRESOR ATLAS 8_consumo_minuto
2026-01-06 13:38:00.000000,2026-01-06T13:38:00+00:00,0.0,AIRE COMPRIMIDO,COMPRESOR ATLAS 8_consumo_minuto,COMPRESOR ATLAS 8,AIRE COMPRIMIDO_COMPRESOR ATLAS 8_consumo_minuto
2026-01-06 13:39:00.000000,2026-01-06T13:39:00+00:00,0.0,AIRE COMPRIMIDO,COMPRESOR ATLAS 8_consumo_minuto,COMPRESOR ATLAS 8,AIRE COMPRIMIDO_COMPRESOR ATLAS 8_consumo_minuto
2026-01-06 13:40:00.000000,2026-01-06T13:40:00+00:00,0.0,AIRE COMPRIMIDO,COMPRESOR ATLAS 8_consumo_minuto,COMPRESOR ATLAS 8,AIRE COMPRIMIDO_COMPRESOR ATLAS 8_consumo_minuto
2026-01-06 13:41:00.000000,2026-01-06T13:41:00+00:00,0.0,AIRE COMPRIMIDO,COMPRESOR ATLAS 8_consumo_minuto,COMPRESOR ATLAS 8,AIRE COMPRIMIDO_COMPRESOR ATLAS 8_consumo_minuto
2026-01-06 13:42:00.000000,2026-01-06T13:42:00+00:00,0.0,AIRE COMPRIMIDO,COMPRESOR ATLAS 8_consumo_minuto,COMPRESOR ATLAS 8,AIRE COMPRIMIDO_COMPRESOR ATLAS 8_consumo_minuto
2026-01-06 13:43:00.000000,2026-01-06T13:43:00+00:00,0.0,AIRE COMPRIMIDO,COMPRESOR ATLAS 8_consumo_minuto,COMPRESOR ATLAS 8,AIRE COMPRIMIDO_COMPRESOR ATLAS 8_consumo_minuto
2026-01-06 13:44:00.000000,2026-01-06T13:44:00+00:00,0.0,AIRE COMPRIMIDO,COMPRESOR ATLAS 8_consumo_minuto,COMPRESOR ATLAS 8,AIRE COMPRIMIDO_COMPRESOR ATLAS 8_consumo_minuto
2026-01-06 13:45:00.000000,2026-01-06T13:45:00+00:00,0.0,AIRE COMPRIMIDO,COMPRESOR ATLAS 8_consumo_minuto,COMPRESOR ATLAS 8,AIRE COMPRIMIDO_COMPRESOR ATLAS 8_consumo_minuto
2026-01-06 13:46:00.000000,2026-01-06T13:46:00+00:00,0.0,AIRE COMPRIMIDO,COMPRESOR ATLAS 8_consumo_minuto,COMPRESOR ATLAS 8,AIRE COMPRIMIDO_COMPRESOR ATLAS 8_consumo_minuto
2026-01-06 13:47:00.000000,2026-01-06T13:47:00+00:00,0.0,AIRE COMPRIMIDO,COMPRESOR ATLAS 8_consumo_minuto,COMPRESOR ATLAS 8,AIRE COMPRIMIDO_COMPRESOR ATLAS 8_consumo_minuto
2026-01-06 13:48:00.000000,2026-01-06T13:48:00+00:00,0.0,AIRE COMPRIMIDO,COMPRESOR ATLAS 8_consumo_minuto,COMPRESOR ATLAS 8,AIRE COMPRIMIDO_COMPRESOR ATLAS 8_consumo_minuto
2026-01-06 13:49:00.000000,2026-01-06T13:49:00+00:00,0.0,AIRE COMPRIMIDO,COMPRESOR ATLAS 8_consumo_minuto,COMPRESOR ATLAS 8,AIRE COMPRIMIDO_COMPRESOR ATLAS 8_consumo_minuto
2026-01-06 13:50:00.000000,2026-01-06T13:50:00+00:00,0.0,AIRE COMPRIMIDO,COMPRESOR ATLAS 8_consumo_minuto,COMPRESOR ATLAS 8,AIRE COMPRIMIDO_COMPRESOR ATLAS 8_consumo_minuto
2026-01-06 13:51:00.000000,2026-01-06T13:51:00+00:00,0.0,AIRE COMPRIMIDO,COMPRESOR ATLAS 8_consumo_minuto,COMPRESOR ATLAS 8,AIRE COMPRIMIDO_COMPRESOR ATLAS 8_consumo_minuto
2026-01-06 13:52:00.000000,2026-01-06T13:52:00+00:00,0.0,AIRE COMPRIMIDO,COMPRESOR ATLAS 8_consumo_minuto,COMPRESOR ATLAS 8,AIRE COMPRIMIDO_COMPRESOR ATLAS 8_consumo_minuto
2026-01-06 13:53:00.000000,2026-01-06T13:53:00+00:00,0.0,AIRE COMPRIMIDO,COMPRESOR ATLAS 8_consumo_minuto,COMPRESOR ATLAS 8,AIRE COMPRIMIDO_COMPRESOR ATLAS 8_consumo_minuto
2026-01-06 13:54:00.000000,2026-01-06T13:54:00+00:00,0.0,AIRE COMPRIMIDO,COMPRESOR ATLAS 8_consumo_minuto,COMPRESOR ATLAS 8,AIRE COMPRIMIDO_COMPRESOR ATLAS 8_consumo_minuto
2026-01-06 13:55:00.000000,2026-01-06T13:55:00+00:00,0.0,AIRE COMPRIMIDO,COMPRESOR ATLAS 8_consumo_minuto,COMPRESOR ATLAS 8,AIRE COMPRIMIDO_COMPRESOR ATLAS 8_consumo_minuto
2026-01-06 13:56:00.000000,2026-01-06T13:56:00+00:00,0.0,AIRE COMPRIMIDO,COMPRESOR ATLAS 8_consumo_minuto,COMPRESOR ATLAS 8,AIRE COMPRIMIDO_COMPRESOR ATLAS 8_consumo_minuto
2026-01-06 13:57:00.000000,2026-01-06T13:57:00+00:00,0.0,AIRE COMPRIMIDO,COMPRESOR ATLAS 8_consumo_minuto,COMPRESOR ATLAS 8,AIRE COMPRIMIDO_COMPRESOR ATLAS 8_consumo_minuto
2026-01-06 13:58:00.000000,2026-01-06T13:58:00+00:00,0.0,AIRE COMPRIMIDO,COMPRESOR ATLAS 8_consumo_minuto,COMPRESOR ATLAS 8,AIRE COMPRIMIDO_COMPRESOR ATLAS 8_consumo_minuto
2026-01-06 13:59:00.000000,2026-01-06T13:59:00+00:00,0.0,AIRE COMPRIMIDO,COMPRESOR ATLAS 8_consumo_minuto,COMPRESOR ATLAS 8,AIRE COMPRIMIDO_COMPRESOR ATLAS 8_consumo_minuto
2026-01-06 14:00:00.000000,2026-01-06T14:00:00+00:00,0.0,AIRE COMPRIMIDO,COMPRESOR ATLAS 8_consumo_minuto,COMPRESOR ATLAS 8,AIRE COMPRIMIDO_COMPRESOR ATLAS 8_consumo_minuto
2026-01-06 14:01:00.000000,2026-01-06T14:01:00+00:00,0.0,AIRE COMPRIMIDO,COMPRESOR ATLAS 8_consumo_minuto,COMPRESOR ATLAS 8,AIRE COMPRIMIDO_COMPRESOR ATLAS 8_consumo_minuto
2026-01-06 14:02:00.000000,2026-01-06T14:02:00+00:00,0.0,AIRE COMPRIMIDO,COMPRESOR ATLAS 8_consumo_minuto,COMPRESOR ATLAS 8,AIRE COMPRIMIDO_COMPRESOR ATLAS 8_consumo_minuto
2026-01-06 14:03:00.000000,2026-01-06T14:03:00+00:00,0.0,AIRE COMPRIMIDO,COMPRESOR ATLAS 8_consumo_minuto,COMPRESOR ATLAS 8,AIRE COMPRIMIDO_COMPRESOR ATLAS 8_consumo_minuto
2026-01-06 14:04:00.000000,2026-01-06T14:04:00+00:00,0.0,AIRE COMPRIMIDO,COMPRESOR ATLAS 8_consumo_minuto,COMPRESOR ATLAS 8,AIRE COMPRIMIDO_COMPRESOR ATLAS 8_consumo_minuto
2026-01-06 14:05:00.000000,2026-01-06T14:05:00+00:00,0.0,AIRE COMPRIMIDO,COMPRESOR ATLAS 8_consumo_minuto,COMPRESOR ATLAS 8,AIRE COMPRIMIDO_COMPRESOR ATLAS 8_consumo_minuto
2026-01-06 14:06:00.000000,2026-01-06T14:06:00+00:00,0.0,AIRE COMPRIMIDO,COMPRESOR ATLAS 8_consumo_minuto,COMPRESOR ATLAS 8,AIRE COMPRIMIDO_COMPRESOR ATLAS 8_consumo_minuto
2026-01-06 14:07:00.000000,2026-01-06T14:07:00+00:00,0.0,AIRE COMPRIMIDO,COMPRESOR ATLAS 8_consumo_minuto,COMPRESOR ATLAS 8,AIRE COMPRIMIDO_COMPRESOR ATLAS 8_consumo_minuto
2026-01-06 14:08:00.000000,2026-01-06T14:08:00+00:00,0.0,AIRE COMPRIMIDO,COMPRESOR ATLAS 8_consumo_minuto,COMPRESOR ATLAS 8,AIRE COMPRIMIDO_COMPRESOR ATLAS 8_consumo_minuto
2026-01-06 14:09:00.000000,2026-01-06T14:09:00+00:00,0.0,AIRE COMPRIMIDO,COMPRESOR ATLAS 8_consumo_minuto,COMPRESOR ATLAS 8,AIRE COMPRIMIDO_COMPRESOR ATLAS 8_consumo_minuto
2026-01-06 14:10:00.000000,2026-01-06T14:10:00+00:00,0.0,AIRE COMPRIMIDO,COMPRESOR ATLAS 8_consumo_minuto,COMPRESOR ATLAS 8,AIRE COMPRIMIDO_COMPRESOR ATLAS 8_consumo_minuto
2026-01-06 14:11:00.000000,2026-01-06T14:11:00+00:00,0.0,AIRE COMPRIMIDO,COMPRESOR ATLAS 8_consumo_minuto,COMPRESOR ATLAS 8,AIRE COMPRIMIDO_COMPRESOR ATLAS 8_consumo_minuto
2026-01-06 14:12:00.000000,2026-01-06T14:12:00+00:00,0.0,AIRE COMPRIMIDO,COMPRESOR ATLAS 8_consumo_minuto,COMPRESOR ATLAS 8,AIRE COMPRIMIDO_COMPRESOR ATLAS 8_consumo_minuto
2026-01-06 14:13:00.000000,2026-01-06T14:13:00+00:00,0.0,AIRE COMPRIMIDO,COMPRESOR ATLAS 8_consumo_minuto,COMPRESOR ATLAS 8,AIRE COMPRIMIDO_COMPRESOR ATLAS 8_consumo_minuto
2026-01-06 14:14:00.000000,2026-01-06T14:14:00+00:00,0.0,AIRE COMPRIMIDO,COMPRESOR ATLAS 8_consumo_minuto,COMPRESOR ATLAS 8,AIRE COMPRIMIDO_COMPRESOR ATLAS 8_consumo_minuto
2026-01-06 14:15:00.000000,2026-01-06T14:15:00+00:00,0.0,AIRE COMPRIMIDO,COMPRESOR ATLAS 8_consumo_minuto,COMPRESOR ATLAS 8,AIRE COMPRIMIDO_COMPRESOR ATLAS 8_consumo_minuto
2026-01-06 14:16:00.000000,2026-01-06T14:16:00+00:00,0.0,AIRE COMPRIMIDO,COMPRESOR ATLAS 8_consumo_minuto,COMPRESOR ATLAS 8,AIRE COMPRIMIDO_COMPRESOR ATLAS 8_consumo_minuto
2026-01-06 14:17:00.000000,2026-01-06T14:17:00+00:00,0.0,AIRE COMPRIMIDO,COMPRESOR ATLAS 8_consumo_minuto,COMPRESOR ATLAS 8,AIRE COMPRIMIDO_COMPRESOR ATLAS 8_consumo_minuto
2026-01-06 14:18:00.000000,2026-01-06T14:18:00+00:00,0.0,AIRE COMPRIMIDO,COMPRESOR ATLAS 8_consumo_minuto,COMPRESOR ATLAS 8,AIRE COMPRIMIDO_COMPRESOR ATLAS 8_consumo_minuto
2026-01-06 14:19:00.000000,2026-01-06T14:19:00+00:00,0.0,AIRE COMPRIMIDO,COMPRESOR ATLAS 8_consumo_minuto,COMPRESOR ATLAS 8,AIRE COMPRIMIDO_COMPRESOR ATLAS 8_consumo_minuto
2026-01-06 14:20:00.000000,2026-01-06T14:20:00+00:00,0.0,AIRE COMPRIMIDO,COMPRESOR ATLAS 8_consumo_minuto,COMPRESOR ATLAS 8,AIRE COMPRIMIDO_COMPRESOR ATLAS 8_consumo_minuto
2026-01-06 14:21:00.000000,2026-01-06T14:21:00+00:00,0.0,AIRE COMPRIMIDO,COMPRESOR ATLAS 8_consumo_minuto,COMPRESOR ATLAS 8,AIRE COMPRIMIDO_COMPRESOR ATLAS 8_consumo_minuto
2026-01-06 14:22:00.000000,2026-01-06T14:22:00+00:00,0.0,AIRE COMPRIMIDO,COMPRESOR ATLAS 8_consumo_minuto,COMPRESOR ATLAS 8,AIRE COMPRIMIDO_COMPRESOR ATLAS 8_consumo_minuto
2026-01-06 14:23:00.000000,2026-01-06T14:23:00+00:00,0.0,AIRE COMPRIMIDO,COMPRESOR ATLAS 8_consumo_minuto,COMPRESOR ATLAS 8,AIRE COMPRIMIDO_COMPRESOR ATLAS 8_consumo_minuto
2026-01-06 14:24:00.000000,2026-01-06T14:24:00+00:00,0.0,AIRE COMPRIMIDO,COMPRESOR ATLAS 8_consumo_minuto,COMPRESOR ATLAS 8,AIRE COMPRIMIDO_COMPRESOR ATLAS 8_consumo_minuto
2026-01-06 14:25:00.000000,2026-01-06T14:25:00+00:00,0.0,AIRE COMPRIMIDO,COMPRESOR ATLAS 8_consumo_minuto,COMPRESOR ATLAS 8,AIRE COMPRIMIDO_COMPRESOR ATLAS 8_consumo_minuto
2026-01-06 14:26:00.000000,2026-01-06T14:26:00+00:00,0.0,AIRE COMPRIMIDO,COMPRESOR ATLAS 8_consumo_minuto,COMPRESOR ATLAS 8,AIRE COMPRIMIDO_COMPRESOR ATLAS 8_consumo_minuto
2026-01-06 14:27:00.000000,2026-01-06T14:27:00+00:00,0.0,AIRE COMPRIMIDO,COMPRESOR ATLAS 8_consumo_minuto,COMPRESOR ATLAS 8,AIRE COMPRIMIDO_COMPRESOR ATLAS 8_consumo_minuto
2026-01-06 14:28:00.000000,2026-01-06T14:28:00+00:00,0.0,AIRE COMPRIMIDO,COMPRESOR ATLAS 8_consumo_minuto,COMPRESOR ATLAS 8,AIRE COMPRIMIDO_COMPRESOR ATLAS 8_consumo_minuto
2026-01-06 14:29:00.000000,2026-01-06T14:29:00+00:00,0.0,AIRE COMPRIMIDO,COMPRESOR ATLAS 8_consumo_minuto,COMPRESOR ATLAS 8,AIRE COMPRIMIDO_COMPRESOR ATLAS 8_consumo_minuto
2026-01-06 14:31:00.000000,2026-01-06T14:31:00+00:00,0.0,AIRE COMPRIMIDO,COMPRESOR ATLAS 8_consumo_minuto,COMPRESOR ATLAS 8,AIRE COMPRIMIDO_COMPRESOR ATLAS 8_consumo_minuto
2026-01-06 14:32:00.000000,2026-01-06T14:32:00+00:00,0.0,AIRE COMPRIMIDO,COMPRESOR ATLAS 8_consumo_minuto,COMPRESOR ATLAS 8,AIRE COMPRIMIDO_COMPRESOR ATLAS 8_consumo_minuto
2026-01-06 14:33:00.000000,2026-01-06T14:33:00+00:00,0.0,AIRE COMPRIMIDO,COMPRESOR ATLAS 8_consumo_minuto,COMPRESOR ATLAS 8,AIRE COMPRIMIDO_COMPRESOR ATLAS 8_consumo_minuto
2026-01-06 14:34:00.000000,2026-01-06T14:34:00+00:00,0.0,AIRE COMPRIMIDO,COMPRESOR ATLAS 8_consumo_minuto,COMPRESOR ATLAS 8,AIRE COMPRIMIDO_COMPRESOR ATLAS 8_consumo_minuto
2026-01-06 14:35:00.000000,2026-01-06T14:35:00+00:00,0.0,AIRE COMPRIMIDO,COMPRESOR ATLAS 8_consumo_minuto,COMPRESOR ATLAS 8,AIRE COMPRIMIDO_COMPRESOR ATLAS 8_consumo_minuto
2026-01-06 14:36:00.000000,2026-01-06T14:36:00+00:00,0.0,AIRE COMPRIMIDO,COMPRESOR ATLAS 8_consumo_minuto,COMPRESOR ATLAS 8,AIRE COMPRIMIDO_COMPRESOR ATLAS 8_consumo_minuto
2026-01-06 14:37:00.000000,2026-01-06T14:37:00+00:00,0.0,AIRE COMPRIMIDO,COMPRESOR ATLAS 8_consumo_minuto,COMPRESOR ATLAS 8,AIRE COMPRIMIDO_COMPRESOR ATLAS 8_consumo_minuto
2026-01-06 14:38:00.000000,2026-01-06T14:38:00+00:00,0.0,AIRE COMPRIMIDO,COMPRESOR ATLAS 8_consumo_minuto,COMPRESOR ATLAS 8,AIRE COMPRIMIDO_COMPRESOR ATLAS 8_consumo_minuto
2026-01-06 14:39:00.000000,2026-01-06T14:39:00+00:00,0.0,AIRE COMPRIMIDO,COMPRESOR ATLAS 8_consumo_minuto,COMPRESOR ATLAS 8,AIRE COMPRIMIDO_COMPRESOR ATLAS 8_consumo_minuto
2026-01-06 14:40:00.000000,2026-01-06T14:40:00+00:00,0.0,AIRE COMPRIMIDO,COMPRESOR ATLAS 8_consumo_minuto,COMPRESOR ATLAS 8,AIRE COMPRIMIDO_COMPRESOR ATLAS 8_consumo_minuto
2026-01-06 14:41:00.000000,2026-01-06T14:41:00+00:00,0.0,AIRE COMPRIMIDO,COMPRESOR ATLAS 8_consumo_minuto,COMPRESOR ATLAS 8,AIRE COMPRIMIDO_COMPRESOR ATLAS 8_consumo_minuto
2026-01-06 14:49:00.000000,2026-01-06T14:49:00+00:00,0.0,AIRE COMPRIMIDO,COMPRESOR ATLAS 8_consumo_minuto,COMPRESOR ATLAS 8,AIRE COMPRIMIDO_COMPRESOR ATLAS 8_consumo_minuto
2026-01-06 14:50:00.000000,2026-01-06T14:50:00+00:00,0.0,AIRE COMPRIMIDO,COMPRESOR ATLAS 8_consumo_minuto,COMPRESOR ATLAS 8,AIRE COMPRIMIDO_COMPRESOR ATLAS 8_consumo_minuto
2026-01-06 14:52:00.000000,2026-01-06T14:52:00+00:00,0.0,AIRE COMPRIMIDO,COMPRESOR ATLAS 8_consumo_minuto,COMPRESOR ATLAS 8,AIRE COMPRIMIDO_COMPRESOR ATLAS 8_consumo_minuto
2026-01-06 14:53:00.000000,2026-01-06T14:53:00+00:00,0.0,AIRE COMPRIMIDO,COMPRESOR ATLAS 8_consumo_minuto,COMPRESOR ATLAS 8,AIRE COMPRIMIDO_COMPRESOR ATLAS 8_consumo_minuto
2026-01-06 14:54:00.000000,2026-01-06T14:54:00+00:00,0.0,AIRE COMPRIMIDO,COMPRESOR ATLAS 8_consumo_minuto,COMPRESOR ATLAS 8,AIRE COMPRIMIDO_COMPRESOR ATLAS 8_consumo_minuto
2026-01-06 14:55:00.000000,2026-01-06T14:55:00+00:00,0.0,AIRE COMPRIMIDO,COMPRESOR ATLAS 8_consumo_minuto,COMPRESOR ATLAS 8,AIRE COMPRIMIDO_COMPRESOR ATLAS 8_consumo_minuto
2026-01-06 14:55:12.694280,2026-01-06T14:55:12.694280+00:00,0.0,AIRE COMPRIMIDO,COMPRESOR ATLAS 8_consumo_minuto,COMPRESOR ATLAS 8,AIRE COMPRIMIDO_COMPRESOR ATLAS 8_consumo_minuto
2026-01-06 13:22:00.000000,2026-01-06T13:22:00+00:00,0.0,AIRE COMPRIMIDO,COMPRESOR CENTAC_consumo_minuto,COMPRESOR CENTAC,AIRE COMPRIMIDO_COMPRESOR CENTAC_consumo_minuto
2026-01-06 13:23:00.000000,2026-01-06T13:23:00+00:00,27.0,AIRE COMPRIMIDO,COMPRESOR CENTAC_consumo_minuto,COMPRESOR CENTAC,AIRE COMPRIMIDO_COMPRESOR CENTAC_consumo_minuto
2026-01-06 13:24:00.000000,2026-01-06T13:24:00+00:00,100.0,AIRE COMPRIMIDO,COMPRESOR CENTAC_consumo_minuto,COMPRESOR CENTAC,AIRE COMPRIMIDO_COMPRESOR CENTAC_consumo_minuto
2026-01-06 13:25:00.000000,2026-01-06T13:25:00+00:00,80.0,AIRE COMPRIMIDO,COMPRESOR CENTAC_consumo_minuto,COMPRESOR CENTAC,AIRE COMPRIMIDO_COMPRESOR CENTAC_consumo_minuto
2026-01-06 13:26:00.000000,2026-01-06T13:26:00+00:00,81.0,AIRE COMPRIMIDO,COMPRESOR CENTAC_consumo_minuto,COMPRESOR CENTAC,AIRE COMPRIMIDO_COMPRESOR CENTAC_consumo_minuto
2026-01-06 13:27:00.000000,2026-01-06T13:27:00+00:00,10.0,AIRE COMPRIMIDO,COMPRESOR CENTAC_consumo_minuto,COMPRESOR CENTAC,AIRE COMPRIMIDO_COMPRESOR CENTAC_consumo_minuto
2026-01-06 13:28:00.000000,2026-01-06T13:28:00+00:00,16.0,AIRE COMPRIMIDO,COMPRESOR CENTAC_consumo_minuto,COMPRESOR CENTAC,AIRE COMPRIMIDO_COMPRESOR CENTAC_consumo_minuto
2026-01-06 13:29:00.000000,2026-01-06T13:29:00+00:00,34.0,AIRE COMPRIMIDO,COMPRESOR CENTAC_consumo_minuto,COMPRESOR CENTAC,AIRE COMPRIMIDO_COMPRESOR CENTAC_consumo_minuto
2026-01-06 13:30:00.000000,2026-01-06T13:30:00+00:00,30.0,AIRE COMPRIMIDO,COMPRESOR CENTAC_consumo_minuto,COMPRESOR CENTAC,AIRE COMPRIMIDO_COMPRESOR CENTAC_consumo_minuto
2026-01-06 13:31:00.000000,2026-01-06T13:31:00+00:00,80.0,AIRE COMPRIMIDO,COMPRESOR CENTAC_consumo_minuto,COMPRESOR CENTAC,AIRE COMPRIMIDO_COMPRESOR CENTAC_consumo_minuto
2026-01-06 13:32:00.000000,2026-01-06T13:32:00+00:00,0.0,AIRE COMPRIMIDO,COMPRESOR CENTAC_consumo_minuto,COMPRESOR CENTAC,AIRE COMPRIMIDO_COMPRESOR CENTAC_consumo_minuto
2026-01-06 13:33:00.000000,2026-01-06T13:33:00+00:00,0.0,AIRE COMPRIMIDO,COMPRESOR CENTAC_consumo_minuto,COMPRESOR CENTAC,AIRE COMPRIMIDO_COMPRESOR CENTAC_consumo_minuto
2026-01-06 13:34:00.000000,2026-01-06T13:34:00+00:00,0.0,AIRE COMPRIMIDO,COMPRESOR CENTAC_consumo_minuto,COMPRESOR CENTAC,AIRE COMPRIMIDO_COMPRESOR CENTAC_consumo_minuto
2026-01-06 13:35:00.000000,2026-01-06T13:35:00+00:00,0.0,AIRE COMPRIMIDO,COMPRESOR CENTAC_consumo_minuto,COMPRESOR CENTAC,AIRE COMPRIMIDO_COMPRESOR CENTAC_consumo_minuto
2026-01-06 13:36:00.000000,2026-01-06T13:36:00+00:00,0.0,AIRE COMPRIMIDO,COMPRESOR CENTAC_consumo_minuto,COMPRESOR CENTAC,AIRE COMPRIMIDO_COMPRESOR CENTAC_consumo_minuto
2026-01-06 13:37:00.000000,2026-01-06T13:37:00+00:00,0.0,AIRE COMPRIMIDO,COMPRESOR CENTAC_consumo_minuto,COMPRESOR CENTAC,AIRE COMPRIMIDO_COMPRESOR CENTAC_consumo_minuto
2026-01-06 13:38:00.000000,2026-01-06T13:38:00+00:00,0.0,AIRE COMPRIMIDO,COMPRESOR CENTAC_consumo_minuto,COMPRESOR CENTAC,AIRE COMPRIMIDO_COMPRESOR CENTAC_consumo_minuto
2026-01-06 13:39:00.000000,2026-01-06T13:39:00+00:00,0.0,AIRE COMPRIMIDO,COMPRESOR CENTAC_consumo_minuto,COMPRESOR CENTAC,AIRE COMPRIMIDO_COMPRESOR CENTAC_consumo_minuto
2026-01-06 13:40:00.000000,2026-01-06T13:40:00+00:00,0.0,AIRE COMPRIMIDO,COMPRESOR CENTAC_consumo_minuto,COMPRESOR CENTAC,AIRE COMPRIMIDO_COMPRESOR CENTAC_consumo_minuto
2026-01-06 13:41:00.000000,2026-01-06T13:41:00+00:00,0.0,AIRE COMPRIMIDO,COMPRESOR CENTAC_consumo_minuto,COMPRESOR CENTAC,AIRE COMPRIMIDO_COMPRESOR CENTAC_consumo_minuto
2026-01-06 13:42:00.000000,2026-01-06T13:42:00+00:00,0.0,AIRE COMPRIMIDO,COMPRESOR CENTAC_consumo_minuto,COMPRESOR CENTAC,AIRE COMPRIMIDO_COMPRESOR CENTAC_consumo_minuto
2026-01-06 13:43:00.000000,2026-01-06T13:43:00+00:00,0.0,AIRE COMPRIMIDO,COMPRESOR CENTAC_consumo_minuto,COMPRESOR CENTAC,AIRE COMPRIMIDO_COMPRESOR CENTAC_consumo_minuto
2026-01-06 13:44:00.000000,2026-01-06T13:44:00+00:00,0.0,AIRE COMPRIMIDO,COMPRESOR CENTAC_consumo_minuto,COMPRESOR CENTAC,AIRE COMPRIMIDO_COMPRESOR CENTAC_consumo_minuto
2026-01-06 13:45:00.000000,2026-01-06T13:45:00+00:00,0.0,AIRE COMPRIMIDO,COMPRESOR CENTAC_consumo_minuto,COMPRESOR CENTAC,AIRE COMPRIMIDO_COMPRESOR CENTAC_consumo_minuto
2026-01-06 13:46:00.000000,2026-01-06T13:46:00+00:00,0.0,AIRE COMPRIMIDO,COMPRESOR CENTAC_consumo_minuto,COMPRESOR CENTAC,AIRE COMPRIMIDO_COMPRESOR CENTAC_consumo_minuto
2026-01-06 13:47:00.000000,2026-01-06T13:47:00+00:00,23.0,AIRE COMPRIMIDO,COMPRESOR CENTAC_consumo_minuto,COMPRESOR CENTAC,AIRE COMPRIMIDO_COMPRESOR CENTAC_consumo_minuto
2026-01-06 13:48:00.000000,2026-01-06T13:48:00+00:00,37.0,AIRE COMPRIMIDO,COMPRESOR CENTAC_consumo_minuto,COMPRESOR CENTAC,AIRE COMPRIMIDO_COMPRESOR CENTAC_consumo_minuto
2026-01-06 13:49:00.000000,2026-01-06T13:49:00+00:00,29.0,AIRE COMPRIMIDO,COMPRESOR CENTAC_consumo_minuto,COMPRESOR CENTAC,AIRE COMPRIMIDO_COMPRESOR CENTAC_consumo_minuto
2026-01-06 13:50:00.000000,2026-01-06T13:50:00+00:00,28.0,AIRE COMPRIMIDO,COMPRESOR CENTAC_consumo_minuto,COMPRESOR CENTAC,AIRE COMPRIMIDO_COMPRESOR CENTAC_consumo_minuto
2026-01-06 13:51:00.000000,2026-01-06T13:51:00+00:00,29.0,AIRE COMPRIMIDO,COMPRESOR CENTAC_consumo_minuto,COMPRESOR CENTAC,AIRE COMPRIMIDO_COMPRESOR CENTAC_consumo_minuto
2026-01-06 13:52:00.000000,2026-01-06T13:52:00+00:00,0.0,AIRE COMPRIMIDO,COMPRESOR CENTAC_consumo_minuto,COMPRESOR CENTAC,AIRE COMPRIMIDO_COMPRESOR CENTAC_consumo_minuto
2026-01-06 13:53:00.000000,2026-01-06T13:53:00+00:00,63.0,AIRE COMPRIMIDO,COMPRESOR CENTAC_consumo_minuto,COMPRESOR CENTAC,AIRE COMPRIMIDO_COMPRESOR CENTAC_consumo_minuto
2026-01-06 13:54:00.000000,2026-01-06T13:54:00+00:00,90.0,AIRE COMPRIMIDO,COMPRESOR CENTAC_consumo_minuto,COMPRESOR CENTAC,AIRE COMPRIMIDO_COMPRESOR CENTAC_consumo_minuto
2026-01-06 13:55:00.000000,2026-01-06T13:55:00+00:00,99.0,AIRE COMPRIMIDO,COMPRESOR CENTAC_consumo_minuto,COMPRESOR CENTAC,AIRE COMPRIMIDO_COMPRESOR CENTAC_consumo_minuto
2026-01-06 13:56:00.000000,2026-01-06T13:56:00+00:00,81.0,AIRE COMPRIMIDO,COMPRESOR CENTAC_consumo_minuto,COMPRESOR CENTAC,AIRE COMPRIMIDO_COMPRESOR CENTAC_consumo_minuto
2026-01-06 13:57:00.000000,2026-01-06T13:57:00+00:00,81.0,AIRE COMPRIMIDO,COMPRESOR CENTAC_consumo_minuto,COMPRESOR CENTAC,AIRE COMPRIMIDO_COMPRESOR CENTAC_consumo_minuto
2026-01-06 13:58:00.000000,2026-01-06T13:58:00+00:00,90.0,AIRE COMPRIMIDO,COMPRESOR CENTAC_consumo_minuto,COMPRESOR CENTAC,AIRE COMPRIMIDO_COMPRESOR CENTAC_consumo_minuto
2026-01-06 13:59:00.000000,2026-01-06T13:59:00+00:00,70.0,AIRE COMPRIMIDO,COMPRESOR CENTAC_consumo_minuto,COMPRESOR CENTAC,AIRE COMPRIMIDO_COMPRESOR CENTAC_consumo_minuto
2026-01-06 14:00:00.000000,2026-01-06T14:00:00+00:00,27.0,AIRE COMPRIMIDO,COMPRESOR CENTAC_consumo_minuto,COMPRESOR CENTAC,AIRE COMPRIMIDO_COMPRESOR CENTAC_consumo_minuto
2026-01-06 14:01:00.000000,2026-01-06T14:01:00+00:00,45.0,AIRE COMPRIMIDO,COMPRESOR CENTAC_consumo_minuto,COMPRESOR CENTAC,AIRE COMPRIMIDO_COMPRESOR CENTAC_consumo_minuto
2026-01-06 14:02:00.000000,2026-01-06T14:02:00+00:00,0.0,AIRE COMPRIMIDO,COMPRESOR CENTAC_consumo_minuto,COMPRESOR CENTAC,AIRE COMPRIMIDO_COMPRESOR CENTAC_consumo_minuto
2026-01-06 14:03:00.000000,2026-01-06T14:03:00+00:00,80.0,AIRE COMPRIMIDO,COMPRESOR CENTAC_consumo_minuto,COMPRESOR CENTAC,AIRE COMPRIMIDO_COMPRESOR CENTAC_consumo_minuto
2026-01-06 14:04:00.000000,2026-01-06T14:04:00+00:00,90.0,AIRE COMPRIMIDO,COMPRESOR CENTAC_consumo_minuto,COMPRESOR CENTAC,AIRE COMPRIMIDO_COMPRESOR CENTAC_consumo_minuto
2026-01-06 14:05:00.000000,2026-01-06T14:05:00+00:00,27.0,AIRE COMPRIMIDO,COMPRESOR CENTAC_consumo_minuto,COMPRESOR CENTAC,AIRE COMPRIMIDO_COMPRESOR CENTAC_consumo_minuto
2026-01-06 14:06:00.000000,2026-01-06T14:06:00+00:00,3.0,AIRE COMPRIMIDO,COMPRESOR CENTAC_consumo_minuto,COMPRESOR CENTAC,AIRE COMPRIMIDO_COMPRESOR CENTAC_consumo_minuto
2026-01-06 14:07:00.000000,2026-01-06T14:07:00+00:00,0.0,AIRE COMPRIMIDO,COMPRESOR CENTAC_consumo_minuto,COMPRESOR CENTAC,AIRE COMPRIMIDO_COMPRESOR CENTAC_consumo_minuto
2026-01-06 14:08:00.000000,2026-01-06T14:08:00+00:00,9.0,AIRE COMPRIMIDO,COMPRESOR CENTAC_consumo_minuto,COMPRESOR CENTAC,AIRE COMPRIMIDO_COMPRESOR CENTAC_consumo_minuto
2026-01-06 14:09:00.000000,2026-01-06T14:09:00+00:00,0.0,AIRE COMPRIMIDO,COMPRESOR CENTAC_consumo_minuto,COMPRESOR CENTAC,AIRE COMPRIMIDO_COMPRESOR CENTAC_consumo_minuto
2026-01-06 14:10:00.000000,2026-01-06T14:10:00+00:00,20.0,AIRE COMPRIMIDO,COMPRESOR CENTAC_consumo_minuto,COMPRESOR CENTAC,AIRE COMPRIMIDO_COMPRESOR CENTAC_consumo_minuto
2026-01-06 14:11:00.000000,2026-01-06T14:11:00+00:00,0.0,AIRE COMPRIMIDO,COMPRESOR CENTAC_consumo_minuto,COMPRESOR CENTAC,AIRE COMPRIMIDO_COMPRESOR CENTAC_consumo_minuto
2026-01-06 14:12:00.000000,2026-01-06T14:12:00+00:00,0.0,AIRE COMPRIMIDO,COMPRESOR CENTAC_consumo_minuto,COMPRESOR CENTAC,AIRE COMPRIMIDO_COMPRESOR CENTAC_consumo_minuto
2026-01-06 14:13:00.000000,2026-01-06T14:13:00+00:00,0.0,AIRE COMPRIMIDO,COMPRESOR CENTAC_consumo_minuto,COMPRESOR CENTAC,AIRE COMPRIMIDO_COMPRESOR CENTAC_consumo_minuto
2026-01-06 14:14:00.000000,2026-01-06T14:14:00+00:00,0.0,AIRE COMPRIMIDO,COMPRESOR CENTAC_consumo_minuto,COMPRESOR CENTAC,AIRE COMPRIMIDO_COMPRESOR CENTAC_consumo_minuto
2026-01-06 14:15:00.000000,2026-01-06T14:15:00+00:00,0.0,AIRE COMPRIMIDO,COMPRESOR CENTAC_consumo_minuto,COMPRESOR CENTAC,AIRE COMPRIMIDO_COMPRESOR CENTAC_consumo_minuto
2026-01-06 14:16:00.000000,2026-01-06T14:16:00+00:00,0.0,AIRE COMPRIMIDO,COMPRESOR CENTAC_consumo_minuto,COMPRESOR CENTAC,AIRE COMPRIMIDO_COMPRESOR CENTAC_consumo_minuto
2026-01-06 14:17:00.000000,2026-01-06T14:17:00+00:00,0.0,AIRE COMPRIMIDO,COMPRESOR CENTAC_consumo_minuto,COMPRESOR CENTAC,AIRE COMPRIMIDO_COMPRESOR CENTAC_consumo_minuto
2026-01-06 14:18:00.000000,2026-01-06T14:18:00+00:00,0.0,AIRE COMPRIMIDO,COMPRESOR CENTAC_consumo_minuto,COMPRESOR CENTAC,AIRE COMPRIMIDO_COMPRESOR CENTAC_consumo_minuto
2026-01-06 14:19:00.000000,2026-01-06T14:19:00+00:00,0.0,AIRE COMPRIMIDO,COMPRESOR CENTAC_consumo_minuto,COMPRESOR CENTAC,AIRE COMPRIMIDO_COMPRESOR CENTAC_consumo_minuto
2026-01-06 14:20:00.000000,2026-01-06T14:20:00+00:00,0.0,AIRE COMPRIMIDO,COMPRESOR CENTAC_consumo_minuto,COMPRESOR CENTAC,AIRE COMPRIMIDO_COMPRESOR CENTAC_consumo_minuto
2026-01-06 14:21:00.000000,2026-01-06T14:21:00+00:00,0.0,AIRE COMPRIMIDO,COMPRESOR CENTAC_consumo_minuto,COMPRESOR CENTAC,AIRE COMPRIMIDO_COMPRESOR CENTAC_consumo_minuto
2026-01-06 14:22:00.000000,2026-01-06T14:22:00+00:00,0.0,AIRE COMPRIMIDO,COMPRESOR CENTAC_consumo_minuto,COMPRESOR CENTAC,AIRE COMPRIMIDO_COMPRESOR CENTAC_consumo_minuto
2026-01-06 14:23:00.000000,2026-01-06T14:23:00+00:00,0.0,AIRE COMPRIMIDO,COMPRESOR CENTAC_consumo_minuto,COMPRESOR CENTAC,AIRE COMPRIMIDO_COMPRESOR CENTAC_consumo_minuto
2026-01-06 14:24:00.000000,2026-01-06T14:24:00+00:00,0.0,AIRE COMPRIMIDO,COMPRESOR CENTAC_consumo_minuto,COMPRESOR CENTAC,AIRE COMPRIMIDO_COMPRESOR CENTAC_consumo_minuto
2026-01-06 14:25:00.000000,2026-01-06T14:25:00+00:00,0.0,AIRE COMPRIMIDO,COMPRESOR CENTAC_consumo_minuto,COMPRESOR CENTAC,AIRE COMPRIMIDO_COMPRESOR CENTAC_consumo_minuto
2026-01-06 14:26:00.000000,2026-01-06T14:26:00+00:00,10.0,AIRE COMPRIMIDO,COMPRESOR CENTAC_consumo_minuto,COMPRESOR CENTAC,AIRE COMPRIMIDO_COMPRESOR CENTAC_consumo_minuto
2026-01-06 14:27:00.000000,2026-01-06T14:27:00+00:00,20.0,AIRE COMPRIMIDO,COMPRESOR CENTAC_consumo_minuto,COMPRESOR CENTAC,AIRE COMPRIMIDO_COMPRESOR CENTAC_consumo_minuto
2026-01-06 14:28:00.000000,2026-01-06T14:28:00+00:00,24.0,AIRE COMPRIMIDO,COMPRESOR CENTAC_consumo_minuto,COMPRESOR CENTAC,AIRE COMPRIMIDO_COMPRESOR CENTAC_consumo_minuto
2026-01-06 14:29:00.000000,2026-01-06T14:29:00+00:00,9.0,AIRE COMPRIMIDO,COMPRESOR CENTAC_consumo_minuto,COMPRESOR CENTAC,AIRE COMPRIMIDO_COMPRESOR CENTAC_consumo_minuto
2026-01-06 14:31:00.000000,2026-01-06T14:31:00+00:00,0.0,AIRE COMPRIMIDO,COMPRESOR CENTAC_consumo_minuto,COMPRESOR CENTAC,AIRE COMPRIMIDO_COMPRESOR CENTAC_consumo_minuto
2026-01-06 14:32:00.000000,2026-01-06T14:32:00+00:00,27.0,AIRE COMPRIMIDO,COMPRESOR CENTAC_consumo_minuto,COMPRESOR CENTAC,AIRE COMPRIMIDO_COMPRESOR CENTAC_consumo_minuto
2026-01-06 14:33:00.000000,2026-01-06T14:33:00+00:00,45.0,AIRE COMPRIMIDO,COMPRESOR CENTAC_consumo_minuto,COMPRESOR CENTAC,AIRE COMPRIMIDO_COMPRESOR CENTAC_consumo_minuto
2026-01-06 14:34:00.000000,2026-01-06T14:34:00+00:00,27.0,AIRE COMPRIMIDO,COMPRESOR CENTAC_consumo_minuto,COMPRESOR CENTAC,AIRE COMPRIMIDO_COMPRESOR CENTAC_consumo_minuto
2026-01-06 14:35:00.000000,2026-01-06T14:35:00+00:00,90.0,AIRE COMPRIMIDO,COMPRESOR CENTAC_consumo_minuto,COMPRESOR CENTAC,AIRE COMPRIMIDO_COMPRESOR CENTAC_consumo_minuto
2026-01-06 14:36:00.000000,2026-01-06T14:36:00+00:00,90.0,AIRE COMPRIMIDO,COMPRESOR CENTAC_consumo_minuto,COMPRESOR CENTAC,AIRE COMPRIMIDO_COMPRESOR CENTAC_consumo_minuto
2026-01-06 14:37:00.000000,2026-01-06T14:37:00+00:00,50.0,AIRE COMPRIMIDO,COMPRESOR CENTAC_consumo_minuto,COMPRESOR CENTAC,AIRE COMPRIMIDO_COMPRESOR CENTAC_consumo_minuto
2026-01-06 14:38:00.000000,2026-01-06T14:38:00+00:00,20.0,AIRE COMPRIMIDO,COMPRESOR CENTAC_consumo_minuto,COMPRESOR CENTAC,AIRE COMPRIMIDO_COMPRESOR CENTAC_consumo_minuto
2026-01-06 14:39:00.000000,2026-01-06T14:39:00+00:00,0.0,AIRE COMPRIMIDO,COMPRESOR CENTAC_consumo_minuto,COMPRESOR CENTAC,AIRE COMPRIMIDO_COMPRESOR CENTAC_consumo_minuto
2026-01-06 14:40:00.000000,2026-01-06T14:40:00+00:00,0.0,AIRE COMPRIMIDO,COMPRESOR CENTAC_consumo_minuto,COMPRESOR CENTAC,AIRE COMPRIMIDO_COMPRESOR CENTAC_consumo_minuto
2026-01-06 14:41:00.000000,2026-01-06T14:41:00+00:00,3.0,AIRE COMPRIMIDO,COMPRESOR CENTAC_consumo_minuto,COMPRESOR CENTAC,AIRE COMPRIMIDO_COMPRESOR CENTAC_consumo_minuto
2026-01-06 14:49:00.000000,2026-01-06T14:49:00+00:00,0.0,AIRE COMPRIMIDO,COMPRESOR CENTAC_consumo_minuto,COMPRESOR CENTAC,AIRE COMPRIMIDO_COMPRESOR CENTAC_consumo_minuto
2026-01-06 14:50:00.000000,2026-01-06T14:50:00+00:00,0.0,AIRE COMPRIMIDO,COMPRESOR CENTAC_consumo_minuto,COMPRESOR CENTAC,AIRE COMPRIMIDO_COMPRESOR CENTAC_consumo_minuto
2026-01-06 14:52:00.000000,2026-01-06T14:52:00+00:00,0.0,AIRE COMPRIMIDO,COMPRESOR CENTAC_consumo_minuto,COMPRESOR CENTAC,AIRE COMPRIMIDO_COMPRESOR CENTAC_consumo_minuto
2026-01-06 14:53:00.000000,2026-01-06T14:53:00+00:00,0.0,AIRE COMPRIMIDO,COMPRESOR CENTAC_consumo_minuto,COMPRESOR CENTAC,AIRE COMPRIMIDO_COMPRESOR CENTAC_consumo_minuto
2026-01-06 14:54:00.000000,2026-01-06T14:54:00+00:00,0.0,AIRE COMPRIMIDO,COMPRESOR CENTAC_consumo_minuto,COMPRESOR CENTAC,AIRE COMPRIMIDO_COMPRESOR CENTAC_consumo_minuto
2026-01-06 14:55:00.000000,2026-01-06T14:55:00+00:00,0.0,AIRE COMPRIMIDO,COMPRESOR CENTAC_consumo_minuto,COMPRESOR CENTAC,AIRE COMPRIMIDO_COMPRESOR CENTAC_consumo_minuto
2026-01-06 14:55:12.694280,2026-01-06T14:55:12.694280+00:00,0.0,AIRE COMPRIMIDO,COMPRESOR CENTAC_consumo_minuto,COMPRESOR CENTAC,AIRE COMPRIMIDO_COMPRESOR CENTAC_consumo_minuto
2026-01-06 13:22:00.000000,2026-01-06T13:22:00+00:00,0.0,AIRE COMPRIMIDO,COMPRESOR KAESER 1_consumo_minuto,COMPRESOR KAESER 1,AIRE COMPRIMIDO_COMPRESOR KAESER 1_consumo_minuto
2026-01-06 13:23:00.000000,2026-01-06T13:23:00+00:00,216.0,AIRE COMPRIMIDO,COMPRESOR KAESER 1_consumo_minuto,COMPRESOR KAESER 1,AIRE COMPRIMIDO_COMPRESOR KAESER 1_consumo_minuto
2026-01-06 13:24:00.000000,2026-01-06T13:24:00+00:00,750.0,AIRE COMPRIMIDO,COMPRESOR KAESER 1_consumo_minuto,COMPRESOR KAESER 1,AIRE COMPRIMIDO_COMPRESOR KAESER 1_consumo_minuto
2026-01-06 13:25:00.000000,2026-01-06T13:25:00+00:00,648.0,AIRE COMPRIMIDO,COMPRESOR KAESER 1_consumo_minuto,COMPRESOR KAESER 1,AIRE COMPRIMIDO_COMPRESOR KAESER 1_consumo_minuto
2026-01-06 13:26:00.000000,2026-01-06T13:26:00+00:00,639.0,AIRE COMPRIMIDO,COMPRESOR KAESER 1_consumo_minuto,COMPRESOR KAESER 1,AIRE COMPRIMIDO_COMPRESOR KAESER 1_consumo_minuto
2026-01-06 13:27:00.000000,2026-01-06T13:27:00+00:00,78.0,AIRE COMPRIMIDO,COMPRESOR KAESER 1_consumo_minuto,COMPRESOR KAESER 1,AIRE COMPRIMIDO_COMPRESOR KAESER 1_consumo_minuto
2026-01-06 13:28:00.000000,2026-01-06T13:28:00+00:00,120.0,AIRE COMPRIMIDO,COMPRESOR KAESER 1_consumo_minuto,COMPRESOR KAESER 1,AIRE COMPRIMIDO_COMPRESOR KAESER 1_consumo_minuto
2026-01-06 13:29:00.000000,2026-01-06T13:29:00+00:00,262.0,AIRE COMPRIMIDO,COMPRESOR KAESER 1_consumo_minuto,COMPRESOR KAESER 1,AIRE COMPRIMIDO_COMPRESOR KAESER 1_consumo_minuto
2026-01-06 13:30:00.000000,2026-01-06T13:30:00+00:00,150.0,AIRE COMPRIMIDO,COMPRESOR KAESER 1_consumo_minuto,COMPRESOR KAESER 1,AIRE COMPRIMIDO_COMPRESOR KAESER 1_consumo_minuto
2026-01-06 13:31:00.000000,2026-01-06T13:31:00+00:00,780.0,AIRE COMPRIMIDO,COMPRESOR KAESER 1_consumo_minuto,COMPRESOR KAESER 1,AIRE COMPRIMIDO_COMPRESOR KAESER 1_consumo_minuto
2026-01-06 13:32:00.000000,2026-01-06T13:32:00+00:00,624.0,AIRE COMPRIMIDO,COMPRESOR KAESER 1_consumo_minuto,COMPRESOR KAESER 1,AIRE COMPRIMIDO_COMPRESOR KAESER 1_consumo_minuto
2026-01-06 13:33:00.000000,2026-01-06T13:33:00+00:00,469.0,AIRE COMPRIMIDO,COMPRESOR KAESER 1_consumo_minuto,COMPRESOR KAESER 1,AIRE COMPRIMIDO_COMPRESOR KAESER 1_consumo_minuto
2026-01-06 13:34:00.000000,2026-01-06T13:34:00+00:00,0.0,AIRE COMPRIMIDO,COMPRESOR KAESER 1_consumo_minuto,COMPRESOR KAESER 1,AIRE COMPRIMIDO_COMPRESOR KAESER 1_consumo_minuto
2026-01-06 13:35:00.000000,2026-01-06T13:35:00+00:00,528.0,AIRE COMPRIMIDO,COMPRESOR KAESER 1_consumo_minuto,COMPRESOR KAESER 1,AIRE COMPRIMIDO_COMPRESOR KAESER 1_consumo_minuto
2026-01-06 13:36:00.000000,2026-01-06T13:36:00+00:00,690.0,AIRE COMPRIMIDO,COMPRESOR KAESER 1_consumo_minuto,COMPRESOR KAESER 1,AIRE COMPRIMIDO_COMPRESOR KAESER 1_consumo_minuto
2026-01-06 13:37:00.000000,2026-01-06T13:37:00+00:00,740.0,AIRE COMPRIMIDO,COMPRESOR KAESER 1_consumo_minuto,COMPRESOR KAESER 1,AIRE COMPRIMIDO_COMPRESOR KAESER 1_consumo_minuto
2026-01-06 13:38:00.000000,2026-01-06T13:38:00+00:00,648.0,AIRE COMPRIMIDO,COMPRESOR KAESER 1_consumo_minuto,COMPRESOR KAESER 1,AIRE COMPRIMIDO_COMPRESOR KAESER 1_consumo_minuto
2026-01-06 13:39:00.000000,2026-01-06T13:39:00+00:00,639.0,AIRE COMPRIMIDO,COMPRESOR KAESER 1_consumo_minuto,COMPRESOR KAESER 1,AIRE COMPRIMIDO_COMPRESOR KAESER 1_consumo_minuto
2026-01-06 13:40:00.000000,2026-01-06T13:40:00+00:00,666.0,AIRE COMPRIMIDO,COMPRESOR KAESER 1_consumo_minuto,COMPRESOR KAESER 1,AIRE COMPRIMIDO_COMPRESOR KAESER 1_consumo_minuto
2026-01-06 13:41:00.000000,2026-01-06T13:41:00+00:00,700.0,AIRE COMPRIMIDO,COMPRESOR KAESER 1_consumo_minuto,COMPRESOR KAESER 1,AIRE COMPRIMIDO_COMPRESOR KAESER 1_consumo_minuto
2026-01-06 13:42:00.000000,2026-01-06T13:42:00+00:00,560.0,AIRE COMPRIMIDO,COMPRESOR KAESER 1_consumo_minuto,COMPRESOR KAESER 1,AIRE COMPRIMIDO_COMPRESOR KAESER 1_consumo_minuto
2026-01-06 13:43:00.000000,2026-01-06T13:43:00+00:00,606.0,AIRE COMPRIMIDO,COMPRESOR KAESER 1_consumo_minuto,COMPRESOR KAESER 1,AIRE COMPRIMIDO_COMPRESOR KAESER 1_consumo_minuto
2026-01-06 13:44:00.000000,2026-01-06T13:44:00+00:00,469.0,AIRE COMPRIMIDO,COMPRESOR KAESER 1_consumo_minuto,COMPRESOR KAESER 1,AIRE COMPRIMIDO_COMPRESOR KAESER 1_consumo_minuto
2026-01-06 13:45:00.000000,2026-01-06T13:45:00+00:00,624.0,AIRE COMPRIMIDO,COMPRESOR KAESER 1_consumo_minuto,COMPRESOR KAESER 1,AIRE COMPRIMIDO_COMPRESOR KAESER 1_consumo_minuto
2026-01-06 13:46:00.000000,2026-01-06T13:46:00+00:00,544.0,AIRE COMPRIMIDO,COMPRESOR KAESER 1_consumo_minuto,COMPRESOR KAESER 1,AIRE COMPRIMIDO_COMPRESOR KAESER 1_consumo_minuto
2026-01-06 13:47:00.000000,2026-01-06T13:47:00+00:00,565.0,AIRE COMPRIMIDO,COMPRESOR KAESER 1_consumo_minuto,COMPRESOR KAESER 1,AIRE COMPRIMIDO_COMPRESOR KAESER 1_consumo_minuto
2026-01-06 13:48:00.000000,2026-01-06T13:48:00+00:00,279.0,AIRE COMPRIMIDO,COMPRESOR KAESER 1_consumo_minuto,COMPRESOR KAESER 1,AIRE COMPRIMIDO_COMPRESOR KAESER 1_consumo_minuto
2026-01-06 13:49:00.000000,2026-01-06T13:49:00+00:00,223.0,AIRE COMPRIMIDO,COMPRESOR KAESER 1_consumo_minuto,COMPRESOR KAESER 1,AIRE COMPRIMIDO_COMPRESOR KAESER 1_consumo_minuto
2026-01-06 13:50:00.000000,2026-01-06T13:50:00+00:00,218.0,AIRE COMPRIMIDO,COMPRESOR KAESER 1_consumo_minuto,COMPRESOR KAESER 1,AIRE COMPRIMIDO_COMPRESOR KAESER 1_consumo_minuto
2026-01-06 13:51:00.000000,2026-01-06T13:51:00+00:00,210.0,AIRE COMPRIMIDO,COMPRESOR KAESER 1_consumo_minuto,COMPRESOR KAESER 1,AIRE COMPRIMIDO_COMPRESOR KAESER 1_consumo_minuto
2026-01-06 13:52:00.000000,2026-01-06T13:52:00+00:00,0.0,AIRE COMPRIMIDO,COMPRESOR KAESER 1_consumo_minuto,COMPRESOR KAESER 1,AIRE COMPRIMIDO_COMPRESOR KAESER 1_consumo_minuto
2026-01-06 13:53:00.000000,2026-01-06T13:53:00+00:00,459.0,AIRE COMPRIMIDO,COMPRESOR KAESER 1_consumo_minuto,COMPRESOR KAESER 1,AIRE COMPRIMIDO_COMPRESOR KAESER 1_consumo_minuto
2026-01-06 13:54:00.000000,2026-01-06T13:54:00+00:00,710.0,AIRE COMPRIMIDO,COMPRESOR KAESER 1_consumo_minuto,COMPRESOR KAESER 1,AIRE COMPRIMIDO_COMPRESOR KAESER 1_consumo_minuto
2026-01-06 13:55:00.000000,2026-01-06T13:55:00+00:00,666.0,AIRE COMPRIMIDO,COMPRESOR KAESER 1_consumo_minuto,COMPRESOR KAESER 1,AIRE COMPRIMIDO_COMPRESOR KAESER 1_consumo_minuto
2026-01-06 13:56:00.000000,2026-01-06T13:56:00+00:00,627.0,AIRE COMPRIMIDO,COMPRESOR KAESER 1_consumo_minuto,COMPRESOR KAESER 1,AIRE COMPRIMIDO_COMPRESOR KAESER 1_consumo_minuto
2026-01-06 13:57:00.000000,2026-01-06T13:57:00+00:00,603.0,AIRE COMPRIMIDO,COMPRESOR KAESER 1_consumo_minuto,COMPRESOR KAESER 1,AIRE COMPRIMIDO_COMPRESOR KAESER 1_consumo_minuto
2026-01-06 13:58:00.000000,2026-01-06T13:58:00+00:00,657.0,AIRE COMPRIMIDO,COMPRESOR KAESER 1_consumo_minuto,COMPRESOR KAESER 1,AIRE COMPRIMIDO_COMPRESOR KAESER 1_consumo_minuto
2026-01-06 13:59:00.000000,2026-01-06T13:59:00+00:00,455.0,AIRE COMPRIMIDO,COMPRESOR KAESER 1_consumo_minuto,COMPRESOR KAESER 1,AIRE COMPRIMIDO_COMPRESOR KAESER 1_consumo_minuto
2026-01-06 14:00:00.000000,2026-01-06T14:00:00+00:00,207.0,AIRE COMPRIMIDO,COMPRESOR KAESER 1_consumo_minuto,COMPRESOR KAESER 1,AIRE COMPRIMIDO_COMPRESOR KAESER 1_consumo_minuto
2026-01-06 14:01:00.000000,2026-01-06T14:01:00+00:00,324.0,AIRE COMPRIMIDO,COMPRESOR KAESER 1_consumo_minuto,COMPRESOR KAESER 1,AIRE COMPRIMIDO_COMPRESOR KAESER 1_consumo_minuto
2026-01-06 14:02:00.000000,2026-01-06T14:02:00+00:00,0.0,AIRE COMPRIMIDO,COMPRESOR KAESER 1_consumo_minuto,COMPRESOR KAESER 1,AIRE COMPRIMIDO_COMPRESOR KAESER 1_consumo_minuto
2026-01-06 14:03:00.000000,2026-01-06T14:03:00+00:00,590.0,AIRE COMPRIMIDO,COMPRESOR KAESER 1_consumo_minuto,COMPRESOR KAESER 1,AIRE COMPRIMIDO_COMPRESOR KAESER 1_consumo_minuto
2026-01-06 14:04:00.000000,2026-01-06T14:04:00+00:00,792.0,AIRE COMPRIMIDO,COMPRESOR KAESER 1_consumo_minuto,COMPRESOR KAESER 1,AIRE COMPRIMIDO_COMPRESOR KAESER 1_consumo_minuto
2026-01-06 14:05:00.000000,2026-01-06T14:05:00+00:00,246.0,AIRE COMPRIMIDO,COMPRESOR KAESER 1_consumo_minuto,COMPRESOR KAESER 1,AIRE COMPRIMIDO_COMPRESOR KAESER 1_consumo_minuto
2026-01-06 14:06:00.000000,2026-01-06T14:06:00+00:00,25.0,AIRE COMPRIMIDO,COMPRESOR KAESER 1_consumo_minuto,COMPRESOR KAESER 1,AIRE COMPRIMIDO_COMPRESOR KAESER 1_consumo_minuto
2026-01-06 14:07:00.000000,2026-01-06T14:07:00+00:00,0.0,AIRE COMPRIMIDO,COMPRESOR KAESER 1_consumo_minuto,COMPRESOR KAESER 1,AIRE COMPRIMIDO_COMPRESOR KAESER 1_consumo_minuto
2026-01-06 14:08:00.000000,2026-01-06T14:08:00+00:00,81.0,AIRE COMPRIMIDO,COMPRESOR KAESER 1_consumo_minuto,COMPRESOR KAESER 1,AIRE COMPRIMIDO_COMPRESOR KAESER 1_consumo_minuto
2026-01-06 14:09:00.000000,2026-01-06T14:09:00+00:00,0.0,AIRE COMPRIMIDO,COMPRESOR KAESER 1_consumo_minuto,COMPRESOR KAESER 1,AIRE COMPRIMIDO_COMPRESOR KAESER 1_consumo_minuto
2026-01-06 14:10:00.000000,2026-01-06T14:10:00+00:00,870.0,AIRE COMPRIMIDO,COMPRESOR KAESER 1_consumo_minuto,COMPRESOR KAESER 1,AIRE COMPRIMIDO_COMPRESOR KAESER 1_consumo_minuto
2026-01-06 14:11:00.000000,2026-01-06T14:11:00+00:00,909.0,AIRE COMPRIMIDO,COMPRESOR KAESER 1_consumo_minuto,COMPRESOR KAESER 1,AIRE COMPRIMIDO_COMPRESOR KAESER 1_consumo_minuto
2026-01-06 14:12:00.000000,2026-01-06T14:12:00+00:00,819.0,AIRE COMPRIMIDO,COMPRESOR KAESER 1_consumo_minuto,COMPRESOR KAESER 1,AIRE COMPRIMIDO_COMPRESOR KAESER 1_consumo_minuto
2026-01-06 14:13:00.000000,2026-01-06T14:13:00+00:00,198.0,AIRE COMPRIMIDO,COMPRESOR KAESER 1_consumo_minuto,COMPRESOR KAESER 1,AIRE COMPRIMIDO_COMPRESOR KAESER 1_consumo_minuto
2026-01-06 14:14:00.000000,2026-01-06T14:14:00+00:00,305.0,AIRE COMPRIMIDO,COMPRESOR KAESER 1_consumo_minuto,COMPRESOR KAESER 1,AIRE COMPRIMIDO_COMPRESOR KAESER 1_consumo_minuto
2026-01-06 14:15:00.000000,2026-01-06T14:15:00+00:00,270.0,AIRE COMPRIMIDO,COMPRESOR KAESER 1_consumo_minuto,COMPRESOR KAESER 1,AIRE COMPRIMIDO_COMPRESOR KAESER 1_consumo_minuto
2026-01-06 14:16:00.000000,2026-01-06T14:16:00+00:00,712.0,AIRE COMPRIMIDO,COMPRESOR KAESER 1_consumo_minuto,COMPRESOR KAESER 1,AIRE COMPRIMIDO_COMPRESOR KAESER 1_consumo_minuto
2026-01-06 14:17:00.000000,2026-01-06T14:17:00+00:00,90.0,AIRE COMPRIMIDO,COMPRESOR KAESER 1_consumo_minuto,COMPRESOR KAESER 1,AIRE COMPRIMIDO_COMPRESOR KAESER 1_consumo_minuto
2026-01-06 14:18:00.000000,2026-01-06T14:18:00+00:00,873.0,AIRE COMPRIMIDO,COMPRESOR KAESER 1_consumo_minuto,COMPRESOR KAESER 1,AIRE COMPRIMIDO_COMPRESOR KAESER 1_consumo_minuto
2026-01-06 14:19:00.000000,2026-01-06T14:19:00+00:00,880.0,AIRE COMPRIMIDO,COMPRESOR KAESER 1_consumo_minuto,COMPRESOR KAESER 1,AIRE COMPRIMIDO_COMPRESOR KAESER 1_consumo_minuto
2026-01-06 14:20:00.000000,2026-01-06T14:20:00+00:00,936.0,AIRE COMPRIMIDO,COMPRESOR KAESER 1_consumo_minuto,COMPRESOR KAESER 1,AIRE COMPRIMIDO_COMPRESOR KAESER 1_consumo_minuto
2026-01-06 14:21:00.000000,2026-01-06T14:21:00+00:00,930.0,AIRE COMPRIMIDO,COMPRESOR KAESER 1_consumo_minuto,COMPRESOR KAESER 1,AIRE COMPRIMIDO_COMPRESOR KAESER 1_consumo_minuto
2026-01-06 14:22:00.000000,2026-01-06T14:22:00+00:00,882.0,AIRE COMPRIMIDO,COMPRESOR KAESER 1_consumo_minuto,COMPRESOR KAESER 1,AIRE COMPRIMIDO_COMPRESOR KAESER 1_consumo_minuto
2026-01-06 14:23:00.000000,2026-01-06T14:23:00+00:00,760.0,AIRE COMPRIMIDO,COMPRESOR KAESER 1_consumo_minuto,COMPRESOR KAESER 1,AIRE COMPRIMIDO_COMPRESOR KAESER 1_consumo_minuto
2026-01-06 14:24:00.000000,2026-01-06T14:24:00+00:00,680.0,AIRE COMPRIMIDO,COMPRESOR KAESER 1_consumo_minuto,COMPRESOR KAESER 1,AIRE COMPRIMIDO_COMPRESOR KAESER 1_consumo_minuto
2026-01-06 14:25:00.000000,2026-01-06T14:25:00+00:00,510.0,AIRE COMPRIMIDO,COMPRESOR KAESER 1_consumo_minuto,COMPRESOR KAESER 1,AIRE COMPRIMIDO_COMPRESOR KAESER 1_consumo_minuto
2026-01-06 14:26:00.000000,2026-01-06T14:26:00+00:00,90.0,AIRE COMPRIMIDO,COMPRESOR KAESER 1_consumo_minuto,COMPRESOR KAESER 1,AIRE COMPRIMIDO_COMPRESOR KAESER 1_consumo_minuto
2026-01-06 14:27:00.000000,2026-01-06T14:27:00+00:00,182.0,AIRE COMPRIMIDO,COMPRESOR KAESER 1_consumo_minuto,COMPRESOR KAESER 1,AIRE COMPRIMIDO_COMPRESOR KAESER 1_consumo_minuto
2026-01-06 14:28:00.000000,2026-01-06T14:28:00+00:00,236.0,AIRE COMPRIMIDO,COMPRESOR KAESER 1_consumo_minuto,COMPRESOR KAESER 1,AIRE COMPRIMIDO_COMPRESOR KAESER 1_consumo_minuto
2026-01-06 14:29:00.000000,2026-01-06T14:29:00+00:00,117.0,AIRE COMPRIMIDO,COMPRESOR KAESER 1_consumo_minuto,COMPRESOR KAESER 1,AIRE COMPRIMIDO_COMPRESOR KAESER 1_consumo_minuto
2026-01-06 14:31:00.000000,2026-01-06T14:31:00+00:00,0.0,AIRE COMPRIMIDO,COMPRESOR KAESER 1_consumo_minuto,COMPRESOR KAESER 1,AIRE COMPRIMIDO_COMPRESOR KAESER 1_consumo_minuto
2026-01-06 14:32:00.000000,2026-01-06T14:32:00+00:00,252.0,AIRE COMPRIMIDO,COMPRESOR KAESER 1_consumo_minuto,COMPRESOR KAESER 1,AIRE COMPRIMIDO_COMPRESOR KAESER 1_consumo_minuto
2026-01-06 14:33:00.000000,2026-01-06T14:33:00+00:00,450.0,AIRE COMPRIMIDO,COMPRESOR KAESER 1_consumo_minuto,COMPRESOR KAESER 1,AIRE COMPRIMIDO_COMPRESOR KAESER 1_consumo_minuto
2026-01-06 14:34:00.000000,2026-01-06T14:34:00+00:00,324.0,AIRE COMPRIMIDO,COMPRESOR KAESER 1_consumo_minuto,COMPRESOR KAESER 1,AIRE COMPRIMIDO_COMPRESOR KAESER 1_consumo_minuto
2026-01-06 14:35:00.000000,2026-01-06T14:35:00+00:00,920.0,AIRE COMPRIMIDO,COMPRESOR KAESER 1_consumo_minuto,COMPRESOR KAESER 1,AIRE COMPRIMIDO_COMPRESOR KAESER 1_consumo_minuto
2026-01-06 14:36:00.000000,2026-01-06T14:36:00+00:00,1000.0,AIRE COMPRIMIDO,COMPRESOR KAESER 1_consumo_minuto,COMPRESOR KAESER 1,AIRE COMPRIMIDO_COMPRESOR KAESER 1_consumo_minuto
2026-01-06 14:37:00.000000,2026-01-06T14:37:00+00:00,500.0,AIRE COMPRIMIDO,COMPRESOR KAESER 1_consumo_minuto,COMPRESOR KAESER 1,AIRE COMPRIMIDO_COMPRESOR KAESER 1_consumo_minuto
2026-01-06 14:38:00.000000,2026-01-06T14:38:00+00:00,190.0,AIRE COMPRIMIDO,COMPRESOR KAESER 1_consumo_minuto,COMPRESOR KAESER 1,AIRE COMPRIMIDO_COMPRESOR KAESER 1_consumo_minuto
2026-01-06 14:39:00.000000,2026-01-06T14:39:00+00:00,0.0,AIRE COMPRIMIDO,COMPRESOR KAESER 1_consumo_minuto,COMPRESOR KAESER 1,AIRE COMPRIMIDO_COMPRESOR KAESER 1_consumo_minuto
2026-01-06 14:40:00.000000,2026-01-06T14:40:00+00:00,0.0,AIRE COMPRIMIDO,COMPRESOR KAESER 1_consumo_minuto,COMPRESOR KAESER 1,AIRE COMPRIMIDO_COMPRESOR KAESER 1_consumo_minuto
2026-01-06 14:41:00.000000,2026-01-06T14:41:00+00:00,24.0,AIRE COMPRIMIDO,COMPRESOR KAESER 1_consumo_minuto,COMPRESOR KAESER 1,AIRE COMPRIMIDO_COMPRESOR KAESER 1_consumo_minuto
2026-01-06 14:49:00.000000,2026-01-06T14:49:00+00:00,0.0,AIRE COMPRIMIDO,COMPRESOR KAESER 1_consumo_minuto,COMPRESOR KAESER 1,AIRE COMPRIMIDO_COMPRESOR KAESER 1_consumo_minuto
2026-01-06 14:50:00.000000,2026-01-06T14:50:00+00:00,392.0,AIRE COMPRIMIDO,COMPRESOR KAESER 1_consumo_minuto,COMPRESOR KAESER 1,AIRE COMPRIMIDO_COMPRESOR KAESER 1_consumo_minuto
2026-01-06 14:52:00.000000,2026-01-06T14:52:00+00:00,0.0,AIRE COMPRIMIDO,COMPRESOR KAESER 1_consumo_minuto,COMPRESOR KAESER 1,AIRE COMPRIMIDO_COMPRESOR KAESER 1_consumo_minuto
2026-01-06 14:53:00.000000,2026-01-06T14:53:00+00:00,49.0,AIRE COMPRIMIDO,COMPRESOR KAESER 1_consumo_minuto,COMPRESOR KAESER 1,AIRE COMPRIMIDO_COMPRESOR KAESER 1_consumo_minuto
2026-01-06 14:54:00.000000,2026-01-06T14:54:00+00:00,624.0,AIRE COMPRIMIDO,COMPRESOR KAESER 1_consumo_minuto,COMPRESOR KAESER 1,AIRE COMPRIMIDO_COMPRESOR KAESER 1_consumo_minuto
2026-01-06 14:55:00.000000,2026-01-06T14:55:00+00:00,960.0,AIRE COMPRIMIDO,COMPRESOR KAESER 1_consumo_minuto,COMPRESOR KAESER 1,AIRE COMPRIMIDO_COMPRESOR KAESER 1_consumo_minuto
2026-01-06 14:55:12.694280,2026-01-06T14:55:12.694280+00:00,220.0,AIRE COMPRIMIDO,COMPRESOR KAESER 1_consumo_minuto,COMPRESOR KAESER 1,AIRE COMPRIMIDO_COMPRESOR KAESER 1_consumo_minuto
